Clienta;Mes;Año;Celular;Direccion;Titulo;Generos;Fecha de pago;Pagado;Envio pagado;Estado cliente;Otra info;Tipo de envio
Abigail Compayante Novoa;enero;2026.0;999199449;Manuel Bulnes 815, oficina 408, Temuco;Guía para brujas falsas;Fantasia, Romance, Romantasy;5 de cada mes;True;True;activa;OK;Envío por blue
Abigail Compayante Novoa;febrero;2026.0;999199449;Manuel Bulnes 815, oficina 408, Temuco;Una historia divertida;Fantasia, Romance, Romantasy;5 de cada mes;True;True;activa;OK;Envío por blue
Alina Valdebenito ;enero;2026.0;9 6600 8046;Calle 11 Poniente 189, Talca, Maule;;Fantasia, Romance, Romantasy, LGTBQ+, Dark romance, Spicy;5 de cada mes;False;False;no activa;;Envío por blue
Almendra campusano ;enero;2026.0;+56935038361;Ramón Barros Luco, 056 STGO BUIN ;La hija del relojero;Fantasia, Romance, Romantasy, Thriller, Historico, Clásicos, Dark romance, Spicy, Distopia, Ciencia Ficción;5 de cada mes;True;True;activa;ENVIADO;Envio por paket
Almendra campusano ;febrero;2026.0;+56935038361;Ramón Barros Luco, 056 STGO BUIN ;Juliette y las canciones;Fantasia, Romance, Romantasy, Thriller, Historico, Clásicos, Dark romance, Spicy, Distopia, Ciencia Ficción;5 de cada mes;True;True;activa;listo;Envio por paket
Amanda Castillo;enero;2026.0;944499029;Santa Teresa 1874, Huechuraba;Navidad fun;Fantasia, Romance, Romantasy, Thriller, Clásicos, Dark romance, Spicy, Distopia, Ciencia Ficción. Libros conocidos en tiktok,ig;5 de cada mes;True;True;activa;ENVIADO;Envio por paket
Amanda Castillo;febrero;2026.0;944499029;Santa Teresa 1874, Huechuraba;Maxton Hall;Fantasia, Romance, Romantasy, Thriller, Clásicos, Dark romance, Spicy, Distopia, Ciencia Ficción. Libros conocidos en tiktok,ig;5 de cada mes;True;True;activa;listo;Envio por paket
Ana Pereira Rusque;Enero;2026.0;968592139;Pasaje 13 #439 nueva peñaflor. Comuna Peñaflor.;Lectura de verano;Fantasia, Romance, Romantasy, Thriller, LGTBQ+, Dark romance, Spicy;31 de cada mes (o último día del mes);True;True;activa;;Envio por paket
Ana Pereira Rusque;febrero;2026.0;968592139;Pasaje 13 #439 nueva peñaflor. Comuna Peñaflor.;Reina del estío;Fantasia, Romance, Romantasy, Thriller, LGTBQ+, Dark romance, Spicy;31 de cada mes (o último día del mes);True;True;activa;listo;Envio por paket
Anahi Barcena;enero;2026.0;56965385688;Anahi Barcena Saavedra - avenida Circunvalacion 174 Poblacion Alfredo Lorca - Punta Arenas | Anhybarcena@gmail.com ;Dulce pesadilla;Fantasia, Romance, Clásicos;5 de cada mes;True;True;activa;OK;Envío por blue
Anahi Barcena;febrero;2026.0;56965385688;Anahi Barcena Saavedra - avenida Circunvalacion 174 Poblacion Alfredo Lorca - Punta Arenas | Anhybarcena@gmail.com ;Tú y otros desastres naturales;Fantasia, Romance, Clásicos;5 de cada mes;True;True;activa;;Envío por blue
Andrea leiva;enero;2026.0;944452908;;La chica que oía a los muertos;Fantasia, Romance, Romantasy, Dark romance, Spicy, Distopia;31 de cada mes (o último día del mes);True;False;activa;ENVIADO;Retiro en Manuel montt
Angela Toledo;enero;2026.0;937206815;Villa Juan Pablo II calle Padre Javier Braun #369, comuna de fresia, región Los Lagos ;El año de la langosta;Fantasia, Romantasy, Thriller, Distopia, Ciencia Ficción;5 de cada mes;True;True;activa;enviado;Envío por blue
Angela Toledo;febrero;2026.0;937206815;Villa Juan Pablo II calle Padre Javier Braun #369, comuna de fresia, región Los Lagos ;La sonrisa del demonio;Fantasia, Romantasy, Thriller, Distopia, Ciencia Ficción;5 de cada mes;True;True;activa;listo;Envío por blue
Annais Sandoval;enero;2026.0;+569 5437 2607;"Av. Walker Martinez 1000, la florida
Dpto 111, torre B";9 de noviembre;Fantasia, Romance, Romantasy, Thriller, Clásicos, Dark romance, Spicy, Distopia, Ciencia Ficción;5 de cada mes;True;True;activa;ENVIADO;Envio por paket
Annais Sandoval;febrero;2026.0;+569 5437 2607;"Av. Walker Martinez 1000, la florida
Dpto 111, torre B";Entre tú y yo;Fantasia, Romance, Romantasy, Thriller, Clásicos, Dark romance, Spicy, Distopia, Ciencia Ficción;5 de cada mes;True;True;activa;listo;Envio por paket
Antonella Marillán ;enero;2026.0;941007873;República 837 Temuco ;El día que dejó de nevar en Alaska;Fantasia, Romance, Romantasy, Dark romance, Spicy, Distopia;31 de cada mes (o último día del mes);True;True;activa;enviado;Envío por blue
Antonella Marillán ;febrero;2026.0;941007873;República 837 Temuco ;No debía ser así;Fantasia, Romance, Romantasy, Dark romance, Spicy, Distopia;31 de cada mes (o último día del mes);True;True;activa;listo;Envío por blue
Antonia Pavez;diciembre;2025.0;953240040;Avenida Miguel letelier parcela 7 ruta G546 pintué Comuna de paine Referencia: almacén la aguilina;Atmosphere;Fantasia, Romantasy, LGTBQ+, Spicy, Distopia;5 de cada mes;True;;activa;;Envio por paket
Antonia Pavez;noviembre;2025.0;953240040;Avenida Miguel letelier parcela 7 ruta G546 pintué Comuna de paine Referencia: almacén la aguilina;Esnob;Fantasia, Romantasy, LGTBQ+, Spicy, Distopia;;True;;activa;;Envio por paket
Antonia Pavez;enero;2026.0;953240040;Avenida Miguel letelier parcela 7 ruta G546 pintué Comuna de paine Referencia: almacén la aguilina;Escaparate navideño;Fantasia, Romantasy, LGTBQ+, Spicy, Distopia;5 de cada mes;True;False;activa;ENVIADO;Envio por paket
Antonia Pavez;febrero;2026.0;953240040;Avenida Miguel letelier parcela 7 ruta G546 pintué Comuna de paine Referencia: almacén la aguilina;Guardianes. Los condenados;Fantasia, Romantasy, LGTBQ+, Spicy, Distopia;5 de cada mes;True;False;activa;listo;Envio por paket
Zunilda duran;febrero;2026.0;922291361;Zunilda Durán 922291361 duranzunilda06@gmail.com Araucanía Temuco bernardo o Higgins 333 Nissan Portillo sur trabajo administración ;Eres el amor de mi otra vida;Fantasia, Romance, Romantasy, Dark romance;31 de cada mes (o último día del mes);True;True;activa;listo;Envío por blue
Marianela perez;febrero;2026.0;936695308;"Marianela|Pérez|936695308|marianelasoledadperezastete@gmail.com|Región Biobío|Concepción|Las azucenas|89|trabajo| Local ""Dulce Tentación"", ubicado en valle nonguen, entre calle 30 de octubre y independencia.";Guardianes. Los condenados;Fantasia, Romance, Romantasy, Dark romance, Ciencia Ficción;5 de cada mes;True;True;activa;listo;Envío por blue
Dina Ocarez;febrero;2026.0;963585317;El Aguaquieta 1792, Lampa;Twisted Love;Romance, Dark romance, Spicy;5 de cada mes;True;True;activa;listo;Envio por paket
vanesa maulen zanga;febrero;2026.0;930877331;jahzeel jeria samit 936061072 hazheelsamit@gmail.com Punto blueexpres coyhaique.  Baquedano 1578 ENVIO EN CONJUNTO CON VANNESA MAULEN;Perdido;Fantasia, Romance, Romantasy, Dark romance, Distopia;5 de cada mes;True;True;activa;listo;Envío por blue
HAZHEEL JERIA SAMIT ;febrero;2026.0;936961072;jahzeel jeria samit 936061072 hazheelsamit@gmail.com Punto blueexpres coyhaique.  Baquedano 1578 ENVIO EN CONJUNTO CON VANNESA MAULEN;Perdido;Thriller;5 de cada mes;True;True;activa;listo;Envío por blue
Derly Vanessa Carrillo Cardona ;febrero;2026.0;934553940;san diego 1344 205 oriente Santiago centro;Confesiones;Fantasia, Romance, Romantasy, Dark romance, Spicy;5 de cada mes;True;False;activa;listo;Envio por paket
Aracelli Duran Maureira;enero;2026.0;981332297;San Nicolás 1033 dpto 2506, San Miguel;Un mapa de tierras extrañas;Fantasia, Thriller, Ciencia Ficción;5 de cada mes;True;True;no activa;ENVIADO;Envio por paket
Arantza Valentina Tobar Trengove;febrero;2026.0;+56966260420;retiro;Eres el amor de mi otra vida;Fantasia, Romance, Romantasy, Thriller, Dark romance, Spicy, Distopia;31 de cada mes (o último día del mes);True;False;activa;listo;Retiro en Manuel montt
Barbara Reinoso;enero;2026.0;962894428;Retiro;Confesiones;Fantasia, Romance, Romantasy, Thriller, Dark romance, Spicy, Distopia, Ciencia Ficción;5 de cada mes;True;False;activa;ENVIADO;Retiro en Manuel montt
Barbara Reinoso;febrero;2026.0;962894428;Retiro;Los últimos días de Clayton & Co.;Fantasia, Romance, Romantasy, Thriller, Dark romance, Spicy, Distopia, Ciencia Ficción;5 de cada mes;True;False;activa;listo;Retiro en Manuel montt
Barbara Vasquez Olguin;diciembre;2025.0;+56978570169;Punto blue express manuel rodriguez 725 chiguayante;Esnob;Fantasia, Romance, Romantasy, Historico, Clásicos, LGTBQ+, Dark romance, Spicy, Distopia, Autores chilenos;5 de cada mes;True;;activa;;Envío por blue
Barbara Vasquez Olguin;noviembre;2025.0;+56978570169;Punto blue express manuel rodriguez 725 chiguayante;Bluebells;Fantasia, Romance, Romantasy, Historico, Clásicos, LGTBQ+, Dark romance, Spicy, Distopia, Autores chilenos;5 de cada mes;True;;activa;;Envío por blue
Barbara Vasquez Olguin;enero;2026.0;+56978570169;Punto blue express manuel rodriguez 725 chiguayante;El secreto de las nubes;Fantasia, Romance, Romantasy, Historico, Clásicos, LGTBQ+, Dark romance, Spicy, Distopia, Autores chilenos;5 de cada mes;True;True;activa;enviado;Envío por blue
Barbara Vasquez Olguin;febrero;2026.0;+56978570169;Punto blue express manuel rodriguez 725 chiguayante;Entre tú y yo;Fantasia, Romance, Romantasy, Historico, Clásicos, LGTBQ+, Dark romance, Spicy, Distopia, Autores chilenos;5 de cada mes;True;True;activa;listo;Envío por blue
Beatriz Fuenzalida;diciembre;2025.0;991307408;Nombre: Beatriz Fuenzalida/ RUT: 18803298-2/ Dirección: Bernardino 1978, Puerto Montt /Telefono:991307408;La tormenta;Fantasia, Romantasy, Thriller, Dark romance, Distopia, Autores chilenos;31 de cada mes (o último día del mes);True;;activa;;Envío por blue
Beatriz Fuenzalida;noviembre;2025.0;991307408;Nombre: Beatriz Fuenzalida/ RUT: 18803298-2/ Dirección: Bernardino 1978, Puerto Montt /Telefono:991307408;;Fantasia, Romantasy, Thriller, Dark romance, Distopia, Autores chilenos;31 de cada mes (o último día del mes);True;;activa;;Envío por blue
Beatriz Fuenzalida;enero;2026.0;991307408;Nombre: Beatriz Fuenzalida/ RUT: 18803298-2/ Dirección: Bernardino 1978, Puerto Montt /Telefono:991307408;Después del océano;Fantasia, Romantasy, Thriller, Dark romance, Distopia, Autores chilenos;31 de cada mes (o último día del mes);True;True;activa;enviado;Envío por blue
Beatriz Fuenzalida;octubre;2025.0;991307408;Nombre: Beatriz Fuenzalida/ RUT: 18803298-2/ Dirección: Bernardino 1978, Puerto Montt /Telefono:991307408;Alas de ónix;Fantasia, Romantasy, Thriller, Dark romance, Distopia, Autores chilenos;31 de cada mes (o último día del mes);True;;activa;;Envío por blue
Beatriz Fuenzalida;febrero;2026.0;991307408;Nombre: Beatriz Fuenzalida/ RUT: 18803298-2/ Dirección: Bernardino 1978, Puerto Montt /Telefono:991307408;Guardianes. Los condenados;Fantasia, Romantasy, Thriller, Dark romance, Distopia, Autores chilenos;31 de cada mes (o último día del mes);True;True;activa;listo;Envío por blue
Belén Pedrazzini;diciembre;2025.0;+56 9 8735 7792;;Verity;Romance, Thriller;5 de cada mes;True;;activa;;Retiro en Manuel montt
Belén Pedrazzini;noviembre;2025.0;+56 9 8735 7792;;Cuando el cielo se vuelva amarillo;Romance, Thriller;5 de cada mes;True;;activa;;Retiro en Manuel montt
Belén Pedrazzini;enero;2026.0;+56 9 8735 7792;;Juliette y las canciones;Romance, Thriller;5 de cada mes;True;False;activa;ENVIADO;Retiro en Manuel montt
Belén Pedrazzini;febrero;2026.0;+56 9 8735 7792;;Medium;Romance, Thriller;5 de cada mes;True;False;activa;listo;Retiro en Manuel montt
Brisa Lobos Zagal ;diciembre;2025.0;+56 930271643;punto copec Mulchén Lastarrias 11 mulchen;Mi querido rival;Romance, Romantasy;5 de cada mes;True;;activa;;Envío por blue
Brisa Lobos Zagal ;noviembre;2025.0;+56 930271643;punto copec Mulchén Lastarrias 11 mulchen;Tú y otros desastres naturales;Romance, Romantasy;5 de cada mes;True;;activa;;Envío por blue
Brisa Lobos Zagal ;octubre;2025.0;+56 930271643;punto copec Mulchén Lastarrias 11 mulchen;Tu enemiga secreta;Romance, Romantasy;5 de cada mes;True;;activa;;Envío por blue
Brisa Lobos Zagal ;enero;2026.0;+56 930271643;punto copec Mulchén Lastarrias 11 mulchen;Confesiones;Romance, Romantasy;5 de cada mes;True;True;activa;enviado;Envío por blue
Brisa Lobos Zagal ;febrero;2026.0;+56 930271643;punto copec Mulchén Lastarrias 11 mulchen;Una cita en el infierno;Romance, Romantasy;5 de cada mes;True;True;activa;listo;Envío por blue
Camila Alcorta;diciembre;2025.0;971473382;Punto Blue Express francia 2651 tienda mi cielo, VALDIVIA, región de los rioscamila.alcortag@gmail.com;Aguas oscuras;Romance mamón, Romantasy, Thriller, Dark romance, Spicy;5 de cada mes;True;;activa;;Envío por blue
Camila Alcorta;enero;2026.0;971473382;Punto Blue Express francia 2651 tienda mi cielo, VALDIVIA, región de los rioscamila.alcortag@gmail.com;Un segundo para amar;Romance mamón, Romantasy, Thriller, Dark romance, Spicy;5 de cada mes;True;True;activa;enviado;Envío por blue
Camila Alcorta;febrero;2026.0;971473382;Punto Blue Express francia 2651 tienda mi cielo, VALDIVIA, región de los rioscamila.alcortag@gmail.com;Las cosas más preciosas;Romance mamón, Romantasy, Thriller, Dark romance, Spicy;5 de cada mes;True;False;activa;listo;Envío por blue
Camila Andrea Carvallo Moya;diciembre;2025.0;+569 76298407;Condominio alto San esteban, psj Belisario Espinola 1513 Casa 43, San Esteban;El sol también es una estrella;Romance, Thriller, Dark romance;31 de cada mes (o último día del mes);True;;activa;;Envío por blue
Camila Andrea Carvallo Moya;noviembre;2025.0;+569 76298407;Condominio alto San esteban, psj Belisario Espinola 1513 Casa 43, San Esteban;Captive;Romance, Thriller, Dark romance;31 de cada mes (o último día del mes);True;;activa;;Envío por blue
Camila Andrea Carvallo Moya;enero;2026.0;+569 76298407;Condominio alto San esteban, psj Belisario Espinola 1513 Casa 43, San Esteban;El año de la langosta;Romance, Thriller, Dark romance;31 de cada mes (o último día del mes);True;True;activa;enviado;Envío por blue
Camila Andrea Carvallo Moya;octubre;2025.0;+569 76298407;Condominio alto San esteban, psj Belisario Espinola 1513 Casa 43, San Esteban;El amor y los clichés;Romance, Thriller, Dark romance;31 de cada mes (o último día del mes);True;;activa;;Envío por blue
Camila Herrera ;diciembre;2025.0;975285232;calle el lucero 414, maule (hacienda del maule) | Cami.molk@gmail.com;El buzón de las impuras;Fantasia, Romance, Romantasy, Historico, Dark romance, Spicy, Autores chilenos;5 de cada mes;True;;activa;;Envío por blue
Camila Herrera ;noviembre;2025.0;975285232;calle el lucero 414, maule (hacienda del maule) | Cami.molk@gmail.com;Mi nombre es Emilia del Valle;Fantasia, Romance, Romantasy, Historico, Dark romance, Spicy, Autores chilenos;5 de cada mes;True;;activa;;Envío por blue
Camila Herrera ;enero;2026.0;975285232;calle el lucero 414, maule (hacienda del maule) | Cami.molk@gmail.com;El secreto de las nubes;Fantasia, Romance, Romantasy, Historico, Dark romance, Spicy, Autores chilenos;5 de cada mes;True;True;activa;enviado;Envío por blue
Maria paz soto;febrero;2026.0;959557411;Maria paz/ soto /959557411/bio bio /cañete / mariqueo 304;Tú y otros desastres naturales;Fantasia, Romance, Romantasy, Dark romance, Spicy, Autores chilenos;31 de cada mes (o último día del mes);True;True;activa;;Envío por blue
Camila Herrera ;febrero;2026.0;975285232;calle el lucero 414, maule (hacienda del maule) | Cami.molk@gmail.com;Asalto Medici;Fantasia, Romance, Romantasy, Historico, Dark romance, Spicy, Autores chilenos;5 de cada mes;True;False;activa;listo;Envío por blue
Camila Martínez ;enero;2026.0;+56959388381;camifernanda30@gmail.com,Candelaria,198,El Carmen,San Pedro de Atacama;Seis grullas;Fantasia, Romance, Romantasy, Thriller, Clásicos, Ciencia Ficción;5 de cada mes;True;True;activa;enviado;Envío por blue
Camila Martínez ;febrero;2026.0;+56959388381;camifernanda30@gmail.com,Candelaria,198,El Carmen,San Pedro de Atacama;Reina del estío;Fantasia, Romance, Romantasy, Thriller, Clásicos, Ciencia Ficción;5 de cada mes;True;True;activa;listo;Envío por blue
Camila Osorio;enero;2026.0;+56956031365 ;mi dirección es: Cristobal Colón 3837, Las Condes. Dpto 106 ;Juliette y las canciones;romance;31 de cada mes (o último día del mes);True;True;activa;ENVIADO;Envio por paket
Camila Flores ;febrero;2026.0;;;Eres el amor de mi otra vida;;;True;True;activa;listo;
Constanza Fabiola Astorga Espinozq ;febrero;2026.0;+56945543197;Constanza Astorga | +56945543197 | luvkmddeonu@gmail.com | Metropolitana | Quilicura | Recife #1078;Reina del estío;Fantasia, Romance, Romantasy, LGTBQ+, Dark romance, Spicy;31 de cada mes (o último día del mes);True;True;activa;;Envio por paket
Camila Osorio;febrero;2026.0;+56956031365 ;mi dirección es: Cristobal Colón 3837, Las Condes. Dpto 106 ;Guardianes. Los condenados;romance;31 de cada mes (o último día del mes);True;True;activa;listo;Envio por paket
Carla Cáceres Reyes ;diciembre;2025.0;986959442;Av departamental 4570 depto N504 ;Cuando no queden más estrellas que contar;Fantasia, Romance, Romantasy, Thriller, Clásicos, LGTBQ+, Dark romance, Spicy, Distopia, Ciencia Ficción, Autores chilenos;31 de cada mes (o último día del mes);True;;activa;;Envio por paket
Carla Cáceres Reyes ;noviembre;2025.0;986959442;Av departamental 4570 depto N504 ;Madame Bovary;Fantasia, Romance, Romantasy, Thriller, Clásicos, LGTBQ+, Dark romance, Spicy, Distopia, Ciencia Ficción, Autores chilenos;31 de cada mes (o último día del mes);True;;activa;;Envio por paket
Carla Cáceres Reyes ;enero;2026.0;986959442;Av departamental 4570 depto N504 ;Magia en la calle Navidad;Fantasia, Romance, Romantasy, Thriller, Clásicos, LGTBQ+, Dark romance, Spicy, Distopia, Ciencia Ficción, Autores chilenos;31 de cada mes (o último día del mes);True;True;activa;ENVIADO;Envio por paket
Carla Cáceres Reyes ;octubre;2025.0;986959442;Av departamental 4570 depto N504 ;La hipótesis del amor;Fantasia, Romance, Romantasy, Thriller, Clásicos, LGTBQ+, Dark romance, Spicy, Distopia, Ciencia Ficción, Autores chilenos;31 de cada mes (o último día del mes);True;;activa;;Envio por paket
Carla Cáceres Reyes ;febrero;2026.0;986959442;Av departamental 4570 depto N504 ;Entre tú y yo;Fantasia, Romance, Romantasy, Thriller, Clásicos, LGTBQ+, Dark romance, Spicy, Distopia, Ciencia Ficción, Autores chilenos;31 de cada mes (o último día del mes);True;True;activa;listo;Envio por paket
Carla Castro;diciembre;2025.0;926235854;Misael Escuti 1454, puerto Montt;El sol también es una estrella;Fantasia, Romantasy, Thriller, Dark romance, Spicy;5 de cada mes;True;;activa;;Envío por blue
Carla Castro;noviembre;2025.0;926235854;Misael Escuti 1454, puerto Montt;Destructora de reinos;Fantasia, Romantasy, Thriller, Dark romance, Spicy;5 de cada mes;True;;activa;;Envío por blue
Carla Castro;enero;2026.0;926235854;Misael Escuti 1454, puerto Montt;Seis grullas;Fantasia, Romantasy, Thriller, Dark romance, Spicy;5 de cada mes;True;True;activa;enviado;Envío por blue
Carla Castro;febrero;2026.0;926235854;Misael Escuti 1454, puerto Montt;Medium;Fantasia, Romantasy, Thriller, Dark romance, Spicy;5 de cada mes;True;True;activa;listo;Envío por blue
Carmen Gloria Gallardo Mella ;diciembre;2025.0;944666836;carmengloriagallardo@gmail.com Séptimo de línea 1009, población San Felipe, V región ;Eres el amor de mi otra vida;Romance, Dark romance, Spicy;5 de cada mes;True;;activa;;Envío por blue
Carmen Gloria Gallardo Mella ;noviembre;2025.0;944666836;carmengloriagallardo@gmail.com Séptimo de línea 1009, población San Felipe, V región ;Dulce pesadilla;Romance, Dark romance, Spicy;5 de cada mes;True;;activa;;Envío por blue
Carmen Gloria Gallardo Mella ;octubre;2025.0;944666836;carmengloriagallardo@gmail.com Séptimo de línea 1009, población San Felipe, V región ;Rey de la desidia;Romance, Dark romance, Spicy;5 de cada mes;True;;activa;;Envío por blue
Carmen Gloria Gallardo Mella ;enero;2026.0;944666836;carmengloriagallardo@gmail.com Séptimo de línea 1009, población San Felipe, V región ;Killswitch;Romance, Dark romance, Spicy;5 de cada mes;True;True;activa;enviado;Envío por blue
Carmen Gloria Gallardo Mella ;febrero;2026.0;944666836;carmengloriagallardo@gmail.com Séptimo de línea 1009, población San Felipe, V región ;Spiral;Romance, Dark romance, Spicy;5 de cada mes;True;True;activa;listo;Envío por blue
CAROLINA BUSTOS;diciembre;2025.0;974772556;AVDA. LOS LIBERTADORES 7209, DEPTO J237. CERRILLOS;En las nubes;Romance, Romantasy, Thriller, Dark romance, Spicy, Autores chilenos;5 de cada mes;True;;activa;;Envio por paket
CAROLINA BUSTOS;noviembre;2025.0;974772556;AVDA. LOS LIBERTADORES 7209, DEPTO J237. CERRILLOS;Trono de monstruos;Romance, Romantasy, Thriller, Dark romance, Spicy, Autores chilenos;5 de cada mes;True;;activa;;Envio por paket
CAROLINA BUSTOS;octubre;2025.0;974772556;AVDA. LOS LIBERTADORES 7209, DEPTO J237. CERRILLOS;Corazón agridulce;Romance, Romantasy, Thriller, Dark romance, Spicy, Autores chilenos;5 de cada mes;True;;activa;;Envio por paket
CAROLINA BUSTOS;enero;2026.0;974772556;AVDA. LOS LIBERTADORES 7209, DEPTO J237. CERRILLOS;Hoy se lo digo;Romance, Romantasy, Thriller, Dark romance, Spicy, Autores chilenos;5 de cada mes;True;True;activa;ENVIADO;Envio por paket
CAROLINA BUSTOS;febrero;2026.0;974772556;AVDA. LOS LIBERTADORES 7209, DEPTO J237. CERRILLOS;Siempre fuiste tú;Romance, Romantasy, Thriller, Dark romance, Spicy, Autores chilenos;5 de cada mes;True;True;activa;listo;Envio por paket
Carolina Ramos;diciembre;2025.0;982946976;;Better;Fantasia, Romantasy, Dark romance;31 de cada mes (o último día del mes);True;;activa;;Retiro en Manuel montt
Carolina Ramos;noviembre;2025.0;982946976;;Twisted Lies;Fantasia, Romantasy, Dark romance;31 de cada mes (o último día del mes);True;;activa;;Retiro en Manuel montt
Carolina Ramos;enero;2026.0;982946976;;Cadenas del rey;Fantasia, Romantasy, Dark romance;31 de cada mes (o último día del mes);True;True;activa;ENVIADO;Retiro en Manuel montt
Carolina Ramos;octubre;2025.0;982946976;;La tormenta;Fantasia, Romantasy, Dark romance;31 de cada mes (o último día del mes);True;;activa;;Retiro en Manuel montt
Carolina Villegas Ravanal;enero;2026.0;8-5322376;Pje El Verdegal 7041 Villa La Busqueda La Florida;La ecuación de las almas gemelas;Fantasia, Romance, Romantasy, Thriller, Dark romance, Spicy;31 de cada mes (o último día del mes);True;True;activa;ENVIADO;Envio por paket
Carolina Villegas Ravanal;febrero;2026.0;8-5322376;Pje El Verdegal 7041 Villa La Busqueda La Florida;Entre tú y yo;Fantasia, Romance, Romantasy, Thriller, Dark romance, Spicy;31 de cada mes (o último día del mes);True;True;activa;listo;Envio por paket
Catalina Cortes;febrero;2026.0;936293262;Villa San Esteban, pasaje San Lucas 214, Chillán Viejo Región de Ñuble | caticortes2143@gmail.com;Los últimos días de Clayton & Co.;Fantasia, Romance, Romantasy, Thriller, Dark romance, Spicy, Distopia, Ciencia Ficción, Autores chilenos;5 de cada mes;True;True;activa;listo;Envío por blue
Catalina galleguillos;enero;2026.0;9 75997308;Región XV, comuna de Arica, Robinson Rojas poniente #3458, frente a los departamentos en par, casa número 8 de color blanco.;Cruzar la línea;Fantasia, Romance, Romantasy, Dark romance, Spicy, Distopia;31 de cada mes (o último día del mes);True;True;activa;enviado;Envío por blue
Catalina Martínez Alvarez ;enero;2026.0;968994018;Talcan 262, maipu (santiago);La isla de los anhelos;Fantasia, Romance, Romantasy, Poesía, Clásicos, Dark romance, Spicy, Distopia;5 de cada mes;True;True;activa;ENVIADO;Envio por paket
Catalina Martínez Alvarez ;febrero;2026.0;968994018;Talcan 262, maipu (santiago);En las nubes;Fantasia, Romance, Romantasy, Poesía, Clásicos, Dark romance, Spicy, Distopia;5 de cada mes;True;True;activa;listo;Envio por paket
Catalina Pacheco acuña ;diciembre;2025.0;958163334;Av 5 de Abril 5334 A estación central ;Asistente del villano;Fantasia, Romance, Romantasy, Historico, Clásicos, Dark romance, Spicy, Distopia, Ciencia Ficción;5 de cada mes;True;;activa;;Envio por paket
Catalina Pacheco acuña ;noviembre;2025.0;958163334;Av 5 de Abril 5334 A estación central ;Mi nombre es Emilia del Valle;Fantasia, Romance, Romantasy, Historico, Clásicos, Dark romance, Spicy, Distopia, Ciencia Ficción;5 de cada mes;True;;activa;;Envio por paket
Catalina Pacheco acuña ;octubre;2025.0;958163334;Av 5 de Abril 5334 A estación central ;Corrupt;Fantasia, Romance, Romantasy, Historico, Clásicos, Dark romance, Spicy, Distopia, Ciencia Ficción;5 de cada mes;True;;activa;;Envio por paket
Catalina Pacheco acuña ;enero;2026.0;958163334;Av 5 de Abril 5334 A estación central ;Hideaway;Fantasia, Romance, Romantasy, Historico, Clásicos, Dark romance, Spicy, Distopia, Ciencia Ficción;5 de cada mes;True;True;activa;ENVIADO;Envio por paket
Catalina Pacheco acuña ;febrero;2026.0;958163334;Av 5 de Abril 5334 A estación central ;Cartas de otro mundo;Fantasia, Romance, Romantasy, Historico, Clásicos, Dark romance, Spicy, Distopia, Ciencia Ficción;5 de cada mes;True;True;activa;listo;Envio por paket
Catalina Pardo Guerra;febrero;2026.0;963724136;Britania 1077, Villa Alemana, Valparaíso.;No debía ser así;Fantasia, Romantasy, Dark romance, Spicy, Distopia;31 de cada mes (o último día del mes);True;False;activa;listo;Envio por paket
Catalina Quidenao ;enero;2026.0;+56956323823;retiro;Cuando seas mía;Romantasy, Dark romance, Spicy;5 de cada mes;True;True;activa;ENVIADO;Retiro en Manuel montt
Catalina Quidenao ;febrero;2026.0;+56956323823;retiro;Juntos en la hoguera;Romantasy, Dark romance, Spicy;5 de cada mes;True;False;activa;listo;Retiro en Manuel montt
Catalina Villarroel López ;diciembre;2025.0;+56976173218;Catalina Paz Villarroel Lopez 20.006.252-3 Los alerces 2660, depto 806 Ñuñoa Santiago +56976173218;Noche de caballeros;Fantasia, Romance, Romantasy, Thriller, Spicy, Distopia, Ciencia Ficción;31 de cada mes (o último día del mes);True;;activa;;Envio por paket
Catalina Villarroel López ;noviembre;2025.0;+56976173218;Catalina Paz Villarroel Lopez 20.006.252-3 Los alerces 2660, depto 806 Ñuñoa Santiago +56976173218;Más que una posibilidad;Fantasia, Romance, Romantasy, Thriller, Spicy, Distopia, Ciencia Ficción;31 de cada mes (o último día del mes);True;;activa;;Envio por paket
Catalina Villarroel López ;enero;2026.0;+56976173218;Catalina Paz Villarroel Lopez 20.006.252-3 Los alerces 2660, depto 806 Ñuñoa Santiago +56976173218;Corazón roto;Fantasia, Romance, Romantasy, Thriller, Spicy, Distopia, Ciencia Ficción;31 de cada mes (o último día del mes);True;True;activa;ENVIADO;Envio por paket
Catalina Villarroel López ;febrero;2026.0;+56976173218;Catalina Paz Villarroel Lopez 20.006.252-3 Los alerces 2660, depto 806 Ñuñoa Santiago +56976173218;El amor derriba muros;Fantasia, Romance, Romantasy, Thriller, Spicy, Distopia, Ciencia Ficción;31 de cada mes (o último día del mes);True;True;activa;listo;Envio por paket
Cecita;diciembre;2025.0;938671606;;Idílico;Fantasia, Romantasy, Thriller, Historico, Distopia, Ciencia Ficción, Autores chilenos;5 de cada mes;False;;activa;;Retiro en Manuel montt
Cecita;noviembre;2025.0;938671606;;Las cenizas y el rey maldito;Fantasia, Romantasy, Thriller, Historico, Distopia, Ciencia Ficción, Autores chilenos;5 de cada mes;True;;activa;;Retiro en Manuel montt
Cecita;octubre;2025.0;938671606;;Boss;Fantasia, Romantasy, Thriller, Historico, Distopia, Ciencia Ficción, Autores chilenos;5 de cada mes;True;;activa;;Retiro en Manuel montt
Cecita;enero;2026.0;938671606;;Rose in Chains;Fantasia, Romantasy, Thriller, Historico, Distopia, Ciencia Ficción, Autores chilenos;5 de cada mes;True;False;activa;ENVIADO;Retiro en Manuel montt
Cecita;febrero;2026.0;938671606;;El pájaro y el corazón de piedra;Fantasia, Romantasy, Thriller, Historico, Distopia, Ciencia Ficción, Autores chilenos;5 de cada mes;False;False;activa;;Retiro en Manuel montt
Cinthya Cisternas Morales ;enero;2026.0;990731415;General Bulnes 1203. Dpto.H41. Santiago Centro;Confesiones;Romance, Dark romance, Spicy;5 de cada mes;True;True;activa;ENVIADO;Envio por paket
Cinthya Cisternas Morales ;febrero;2026.0;990731415;General Bulnes 1203. Dpto.H41. Santiago Centro;Una luna sin miel;Romance, Dark romance, Spicy;5 de cada mes;True;True;activa;listo;Envio por paket
Claudia Gabrielli;diciembre;2025.0;956323842;Bambú cuatro 393 maipu;Pesadilla en Navidad;Fantasia, Romance, Romantasy, Thriller, Dark romance, Spicy;5 de cada mes;True;;activa;;Envio por paket
Claudia Gabrielli;noviembre;2025.0;956323842;Bambú cuatro 393 maipu;Twisted Hate;Fantasia, Romance, Romantasy, Thriller, Dark romance, Spicy;5 de cada mes;True;;activa;;Envio por paket
Claudia Gabrielli;octubre;2025.0;956323842;Bambú cuatro 393 maipu;Fearful;Fantasia, Romance, Romantasy, Thriller, Dark romance, Spicy;5 de cada mes;True;;activa;;Envio por paket
Claudia Gabrielli;enero;2026.0;956323842;Bambú cuatro 393 maipu;Hoy se lo digo;Fantasia, Romance, Romantasy, Thriller, Dark romance, Spicy;5 de cada mes;True;True;activa;ENVIADO;Envio por paket
Claudia Gabrielli;febrero;2026.0;956323842;Bambú cuatro 393 maipu;Spiral;Fantasia, Romance, Romantasy, Thriller, Dark romance, Spicy;5 de cada mes;True;True;activa;listo;Envio por paket
Constanza Cáceres muñoz;enero;2026.0;965347944;Once de septiembre 127A artificio la Calera ;Tú y otros desastres naturales;Fantasia, Romance, Romantasy, Spicy;31 de cada mes (o último día del mes);True;True;activa;ENVIADO;Envio por paket
Constanza Cáceres muñoz;febrero;2026.0;965347944;Once de septiembre 127A artificio la Calera ;Maxton Hall;Fantasia, Romance, Romantasy, Spicy;31 de cada mes (o último día del mes);True;True;activa;listo;Envio por paket
Constanza espinoza ;enero;2026.0;;;Rey de la soberbia;;;True;False;activa;ENVIADO;
Constanza espinoza ;febrero;2026.0;;;Rey de la codicia;;;True;False;activa;listo;
Constanza Henríquez González;febrero;2026.0;9 8465 2764;Linares 1249, Cerro Navia. Población Irene Belmar.;Amor animal;Fantasia, Romance, Romantasy, Clásicos, LGTBQ+, Dark romance, Spicy, Distopia, Autores chilenos;31 de cada mes (o último día del mes);True;True;activa;listo;Envio por paket
Constanza Mella;enero;2026.0;+56944022104;Maiquillahue 3950, Puente Alto;La chica que oía a los muertos;Fantasia, Romantasy, Thriller, Distopia;31 de cada mes (o último día del mes);True;True;activa;ENVIADO;Envio por paket
Constanza Mella;febrero;2026.0;+56944022104;Maiquillahue 3950, Puente Alto;Cartas de otro mundo;Fantasia, Romantasy, Thriller, Distopia;31 de cada mes (o último día del mes);True;True;activa;listo;Envio por paket
Constanza Torres;enero;2026.0;971450883;Ochagavia 10708, condominio el alamo, dep 354, el bosque;Corazón roto;Fantasia, Romance, Romantasy, Dark romance, Spicy, Distopia;5 de cada mes;True;True;activa;ENVIADO;Envio por paket
Constanza Torres;febrero;2026.0;971450883;Ochagavia 10708, condominio el alamo, dep 354, el bosque;Juntos en la hoguera;Fantasia, Romance, Romantasy, Dark romance, Spicy, Distopia;5 de cada mes;True;True;activa;listo;Envio por paket
Cote contreras;enero;2026.0;Lo tienes;;La bella y la bestia;Fantasia, Romantasy, Thriller, Dark romance;31 de cada mes (o último día del mes);True;False;activa;ENVIADO;Retiro en Manuel montt
Cote contreras;febrero;2026.0;Lo tienes;;Pecador;Fantasia, Romantasy, Thriller, Dark romance;31 de cada mes (o último día del mes);True;False;activa;;Retiro en Manuel montt
Cristina Salgado ;febrero;2026.0;981967915;Mariano Egaña 369 Chillan Viejo;El amor derriba muros;Fantasia, Romance, Clásicos, Spicy;5 de cada mes;True;False;activa;listo;Envío por blue
Cynthia Riquelme;enero;2026.0;973531914;Cynthia.magdalena1996@gmail.com, Lazareto 7, Chillán. Region de ñuble;El día que dejó de nevar en Alaska;Fantasia, Romance, Romantasy, Clásicos, Dark romance, Spicy, Ciencia Ficción, Autores chilenos;31 de cada mes (o último día del mes);True;True;activa;enviado;Envío por blue
Cynthia Riquelme;febrero;2026.0;973531914;Cynthia.magdalena1996@gmail.com, Lazareto 7, Chillán. Region de ñuble;La magia de las casualidades;Fantasia, Romance, Romantasy, Clásicos, Dark romance, Spicy, Ciencia Ficción, Autores chilenos;31 de cada mes (o último día del mes);True;True;activa;listo;Envío por blue
Cynthya Gatica ;diciembre;2025.0;933268091;Eucaliptus diez #18857,  comuna Maipu, Santiago;Pesadilla en Navidad;Fantasia, Romance, Romantasy, Thriller, Historico, Dark romance;5 de cada mes;True;;activa;;Envio por paket
Cynthya Gatica ;noviembre;2025.0;933268091;Eucaliptus diez #18857,  comuna Maipu, Santiago;Twisted Games;Fantasia, Romance, Romantasy, Thriller, Historico, Dark romance;5 de cada mes;True;;activa;;Envio por paket
Cynthya Gatica ;octubre;2025.0;933268091;Eucaliptus diez #18857,  comuna Maipu, Santiago;No confíes en Asher Hall;Fantasia, Romance, Romantasy, Thriller, Historico, Dark romance;5 de cada mes;True;;activa;;Envio por paket
Cynthya Gatica ;enero;2026.0;933268091;Eucaliptus diez #18857,  comuna Maipu, Santiago;Hoy se lo digo;Fantasia, Romance, Romantasy, Thriller, Historico, Dark romance;5 de cada mes;True;True;activa;ENVIADO;Envio por paket
Daniela Atenas;enero;2026.0;969190790;Collanco 1209, maipú;Cuando despierten las flores;Fantasia, Romance, Romantasy, Thriller, Distopia;31 de cada mes (o último día del mes);True;True;activa;ENVIADO;Envio por paket
Daniela Atenas;febrero;2026.0;969190790;Collanco 1209, maipú;La última carta;Fantasia, Romance, Romantasy, Thriller, Distopia;31 de cada mes (o último día del mes);True;True;activa;listo;Envio por paket
Daniela Martínez Colombo;enero;2026.0;981868530;Agua Santa 2554 Independencia, Región Metropolitana;Una historia divertida;Romance, Romantasy, Thriller, Historico, Spicy, Autores chilenos;5 de cada mes;True;True;activa;ENVIADO;Envio por paket
Daniela Martínez Colombo;febrero;2026.0;981868530;Agua Santa 2554 Independencia, Región Metropolitana;Amor animal;Romance, Romantasy, Thriller, Historico, Spicy, Autores chilenos;5 de cada mes;True;True;activa;listo;Envio por paket
Daniela Mendoza ;enero;2026.0;931228326;Avenida 21 de Mayo 2163, depto 1805, Edificio Laguna Oriente Concepción, Región del Bio Bio;El año de la langosta;Thriller, Ciencia Ficción;31 de cada mes (o último día del mes);True;True;activa;enviado;Envío por blue
Daniela Mendoza ;febrero;2026.0;931228326;Avenida 21 de Mayo 2163, depto 1805, Edificio Laguna Oriente Concepción, Región del Bio Bio;Pabellón 57;Thriller, Ciencia Ficción;31 de cada mes (o último día del mes);True;True;activa;listo;Envío por blue
Daniela Quidel;diciembre;2025.0;9 9142 5971;PUNTO BLUE Av. Juvencio Ovalle 1564, Nueva Imperial, ARAUCANIA | danielagquidelp@gmail.com;Una historia divertida;Romance, Romantasy, Dark romance, Spicy;31 de cada mes (o último día del mes);True;;activa;;Envío por blue
Daniela Quidel;noviembre;2025.0;9 9142 5971;PUNTO BLUE Av. Juvencio Ovalle 1564, Nueva Imperial, ARAUCANIA | danielagquidelp@gmail.com;Captive;Romance, Romantasy, Dark romance, Spicy;31 de cada mes (o último día del mes);True;;activa;;Envío por blue
Daniela Quidel;octubre;2025.0;9 9142 5971;PUNTO BLUE Av. Juvencio Ovalle 1564, Nueva Imperial, ARAUCANIA | danielagquidelp@gmail.com;Boss;Romance, Romantasy, Dark romance, Spicy;31 de cada mes (o último día del mes);True;;activa;;Envío por blue
Daniela Quidel;enero;2026.0;9 9142 5971;PUNTO BLUE Av. Juvencio Ovalle 1564, Nueva Imperial, ARAUCANIA | danielagquidelp@gmail.com;Dulce pesadilla;Romance, Romantasy, Dark romance, Spicy;31 de cada mes (o último día del mes);True;True;activa;enviado;Envío por blue
Daniela Quidel;febrero;2026.0;9 9142 5971;PUNTO BLUE Av. Juvencio Ovalle 1564, Nueva Imperial, ARAUCANIA | danielagquidelp@gmail.com;Hoy se lo digo;Romance, Romantasy, Dark romance, Spicy;31 de cada mes (o último día del mes);True;True;activa;listo;Envío por blue
Daniela Saavedra ;febrero;2026.0;+56 9 9658 4394;Rolando Petersen #1607 Casa esquina con soure;Los brujos del fin del mundo;Fantasia, Romance, Romantasy, Thriller, Dark romance, Spicy;31 de cada mes (o último día del mes);True;True;activa;listo;Envio por paket
Daniela valdevenito;diciembre;2025.0;9 2627 3492;Badén powell #249 belloto quilpue;Las cosas más preciosas;Dark romance, romantasy y thriller psicologico;5 de cada mes;True;;activa;;Envío por blue
Daniela valdevenito;noviembre;2025.0;9 2627 3492;Badén powell #249 belloto quilpue;Los juegos del hambre;Dark romance, romantasy y thriller psicologico;5 de cada mes;True;;activa;;Envío por blue
Daniela valdevenito;octubre;2025.0;9 2627 3492;Badén powell #249 belloto quilpue;Captive;Dark romance, romantasy y thriller psicologico;5 de cada mes;True;;activa;;Envío por blue
Daniela valdevenito;enero;2026.0;9 2627 3492;Badén powell #249 belloto quilpue;Primer amor;Dark romance, romantasy y thriller psicologico;5 de cada mes;True;True;activa;enviado;Envío por blue
Daniela valdevenito;febrero;2026.0;9 2627 3492;Badén powell #249 belloto quilpue;Llévame a cualquier lugar;Dark romance, romantasy y thriller psicologico;5 de cada mes;True;True;activa;listo;Envío por blue
Danielle González Molina;enero;2026.0;945912724;Sierra Nevada 10584, torre 4 depto 405, Antofagasta; ;Fantasia, Romance, Romantasy, Poesía, Clásicos, Dark romance, Spicy, Ciencia Ficción;31 de cada mes (o último día del mes);False;False;no activa;;Envío por blue
Daphnne Perea;enero;2026.0;987183381;Ignacio de Loyola 750 Arica,chile ;Máscara de gato;Fantasia, Romance, Romantasy, Thriller, Clásicos, LGTBQ+, Dark romance, Spicy;5 de cada mes;True;True;activa;enviado;Envío por blue
Debora Henriquez;febrero;2026.0;956046170;Nataniel cox 620 (una farmacia ahimada dentro del supermemrcado tottus) stgo centro;La hija del relojero;Fantasia, Romance, Romantasy, Historico;31 de cada mes (o último día del mes);True;True;activa;listo;Envio por paket
Daniela Trespalacios;febrero;2026.0;999494393;Pirineos 2115 - Depto 406 Providencia - Santiago;Felices para nunca;Fantasia, Romance, Romantasy, Thriller;31 de cada mes (o último día del mes);True;True;activa;listo;Envio por paket
Debora Henriquez ;enero;2026.0;956046170;Nataniel cox 620 una farmacia ahumada dentro del supermercado tottus;Etéreo;Fantasia, Romantasy, Clásicos;31 de cada mes (o último día del mes);True;True;activa;ENVIADO;Envio por paket
Déborah (Debbie) Cáceres Rodríguez ;diciembre;2025.0;+56 9 85330568 ;Pasaje pintor José perotti 4138, el milagro, La Serena;Una canción salvaje;Fantasia, Romance, Romantasy, Thriller, Dark romance, Spicy;31 de cada mes (o último día del mes);True;;activa;;Envío por blue
Déborah (Debbie) Cáceres Rodríguez ;noviembre;2025.0;+56 9 85330568 ;Pasaje pintor José perotti 4138, el milagro, La Serena;A la sombra del arcoíris;Fantasia, Romance, Romantasy, Thriller, Dark romance, Spicy;31 de cada mes (o último día del mes);True;;activa;;Envío por blue
Déborah (Debbie) Cáceres Rodríguez ;octubre;2025.0;+56 9 85330568 ;Pasaje pintor José perotti 4138, el milagro, La Serena;Una puerta en la sombra;Fantasia, Romance, Romantasy, Thriller, Dark romance, Spicy;31 de cada mes (o último día del mes);True;;activa;;Envío por blue
Déborah (Debbie) Cáceres Rodríguez ;enero;2026.0;+56 9 85330568 ;Pasaje pintor José perotti 4138, el milagro, La Serena;El rey de la máscara oscura;Fantasia, Romance, Romantasy, Thriller, Dark romance, Spicy;31 de cada mes (o último día del mes);True;True;activa;enviado;Envío por blue
Déborah (Debbie) Cáceres Rodríguez ;febrero;2026.0;+56 9 85330568 ;Pasaje pintor José perotti 4138, el milagro, La Serena;Yo y el Super Bowl;Fantasia, Romance, Romantasy, Thriller, Dark romance, Spicy;31 de cada mes (o último día del mes);True;True;activa;listo;Envío por blue
Denisse lizama;diciembre;2025.0;956076330;8 sur 3315  962808037 ElianaLo Espejo;En las nubes;Romance, Romantasy, Dark romance, Spicy;31 de cada mes (o último día del mes);True;;activa;;Envio por paket
Denisse lizama;noviembre;2025.0;956076330;8 sur 3315  962808037 ElianaLo Espejo;Negocios o placer;Romance, Romantasy, Dark romance, Spicy;31 de cada mes (o último día del mes);True;;activa;;Envio por paket
Denisse lizama;octubre;2025.0;956076330;8 sur 3315  962808037 ElianaLo Espejo;The Striker;Romance, Romantasy, Dark romance, Spicy;31 de cada mes (o último día del mes);True;;activa;;Envio por paket
Denisse lizama;enero;2026.0;956076330;8 sur 3315  962808037 ElianaLo Espejo;La ecuación de las almas gemelas;Romance, Romantasy, Dark romance, Spicy;31 de cada mes (o último día del mes);True;True;activa;ENVIADO;Envio por paket
Denisse lizama;febrero;2026.0;956076330;8 sur 3315  962808037 ElianaLo Espejo;Hoy se lo digo;Romance, Romantasy, Dark romance, Spicy;31 de cada mes (o último día del mes);True;True;activa;listo;Envio por paket
DORI FARFAN;diciembre;2025.0;975383414;Retiro;Better;Fantasia, Romance, Romantasy, Dark romance, Spicy;5 de cada mes;True;;activa;;Retiro en Manuel montt
DORI FARFAN;noviembre;2025.0;975383414;Retiro;Nuestra desquiciada historia de amor;Fantasia, Romance, Romantasy, Dark romance, Spicy;5 de cada mes;True;;activa;;Retiro en Manuel montt
DORI FARFAN;enero;2026.0;975383414;Retiro;Josh y Hazel: Guía para el fracaso amoroso;Fantasia, Romance, Romantasy, Dark romance, Spicy;5 de cada mes;True;False;activa;ENVIADO;Retiro en Manuel montt
DORI FARFAN;febrero;2026.0;975383414;Retiro;Wilder;Fantasia, Romance, Romantasy, Dark romance, Spicy;5 de cada mes;True;True;activa;listo;Retiro en Manuel montt
Elizabeth Osorio ;diciembre;2025.0;947064602;Psj corregidor Pedro mariño 6157, Pedro Aguirre cerda, santiago;La maldición de la sangre;Fantasia, Romance, Dark romance, Spicy;5 de cada mes;True;;activa;;Envio por paket
Elizabeth Osorio ;enero;2026.0;947064602;Psj corregidor Pedro mariño 6157, Pedro Aguirre cerda, santiago;Juliette y las canciones;Fantasia, Romance, Dark romance, Spicy;5 de cada mes;True;True;activa;ENVIADO;Envio por paket
Elizabeth Osorio ;febrero;2026.0;947064602;Psj corregidor Pedro mariño 6157, Pedro Aguirre cerda, santiago;Llévame a cualquier lugar;Fantasia, Romance, Dark romance, Spicy;5 de cada mes;True;True;activa;listo;Envio por paket
Escarlet Lizana;febrero;2026.0;+56958999737;Av. José Tomás Urmeneta 1107-C, Limache, Valparaíso  | veeandlee.shop@gmail.com;Reina del estío;Fantasia, Dark romance, Spicy;5 de cada mes;True;True;activa;listo;Envío por blue
Evaluna Godoy ;diciembre;2025.0;56994447406;Padre acosta 389-2 cerro Bellavista Valparaíso ;Una corte de rosas y espinas;Fantasia, Romantasy, Thriller, Clásicos, Distopia;31 de cada mes (o último día del mes);True;;activa;;Envio por paket
Evaluna Godoy ;noviembre;2025.0;56994447406;Padre acosta 389-2 cerro Bellavista Valparaíso ;Una promesa de cien años;Fantasia, Romantasy, Thriller, Clásicos, Distopia;31 de cada mes (o último día del mes);True;;activa;;Envio por paket
Evaluna Godoy ;octubre;2025.0;56994447406;Padre acosta 389-2 cerro Bellavista Valparaíso ;La última cuentista;Fantasia, Romantasy, Thriller, Clásicos, Distopia;31 de cada mes (o último día del mes);True;;activa;;Envio por paket
Evaluna Godoy ;enero;2026.0;56994447406;Padre acosta 389-2 cerro Bellavista Valparaíso ;Dioses indomables;Fantasia, Romantasy, Thriller, Clásicos, Distopia;31 de cada mes (o último día del mes);True;True;activa;ENVIADO;Envio por paket
Evaluna Godoy ;febrero;2026.0;56994447406;Padre acosta 389-2 cerro Bellavista Valparaíso ;Nuestro largo adiós;Fantasia, Romantasy, Thriller, Clásicos, Distopia;31 de cada mes (o último día del mes);True;True;activa;listo;Envio por paket
FRANCESCA BUSTAMANTE ;enero;2026.0;941888004;millan 45 rancagua;Juliette y las canciones;Fantasia, Romance, Romantasy, Dark romance, Spicy, Autores chilenos;5 de cada mes;True;True;activa;ENVIADO;Envio por paket
FRANCESCA BUSTAMANTE ;febrero;2026.0;941888004;millan 45 rancagua;Llévame a cualquier lugar;Fantasia, Romance, Romantasy, Dark romance, Spicy, Autores chilenos;5 de cada mes;True;True;activa;listo;Envio por paket
Francis Andrade;febrero;2026.0;957245618;Francis Andrade Mancilla 957245618 Isla picto 3430 / coyhaique / Fraanandrade29@gmail.com;Una luna sin miel;Fantasia, Romance, Thriller;5 de cada mes;True;True;activa;listo;Envío por blue
Francisca Albornoz Ramirez;diciembre;2025.0;964731240;Dirección Toko Llama 2857, region antofagasta, comuna calama, franciscaalbornoz984@gmail.com;Las hermanas Blue;Fantasia, Romance, Romantasy, Thriller, Dark romance, Spicy, Distopia, Ciencia Ficción, Autores chilenos;5 de cada mes;True;;activa;;Envío por blue
Francisca Albornoz Ramirez;noviembre;2025.0;964731240;Dirección Toko Llama 2857, region antofagasta, comuna calama, franciscaalbornoz984@gmail.com;Un mar sin estrellas;Fantasia, Romance, Romantasy, Thriller, Dark romance, Spicy, Distopia, Ciencia Ficción, Autores chilenos;5 de cada mes;True;;activa;;Envío por blue
Francisca Albornoz Ramirez;octubre;2025.0;964731240;Dirección Toko Llama 2857, region antofagasta, comuna calama, franciscaalbornoz984@gmail.com;Amanecer de Onyx;Fantasia, Romance, Romantasy, Thriller, Dark romance, Spicy, Distopia, Ciencia Ficción, Autores chilenos;5 de cada mes;True;;activa;;Envío por blue
Francisca Albornoz Ramirez;enero;2026.0;964731240;Dirección Toko Llama 2857, region antofagasta, comuna calama, franciscaalbornoz984@gmail.com;Amor en préstamo;Fantasia, Romance, Romantasy, Thriller, Dark romance, Spicy, Distopia, Ciencia Ficción, Autores chilenos;5 de cada mes;True;True;activa;enviado;Envío por blue
Francisca Albornoz Ramirez;febrero;2026.0;964731240;Dirección Toko Llama 2857, region antofagasta, comuna calama, franciscaalbornoz984@gmail.com;Aprendiz del villano;Fantasia, Romance, Romantasy, Thriller, Dark romance, Spicy, Distopia, Ciencia Ficción, Autores chilenos;5 de cada mes;True;True;activa;listo;Envío por blue
Francisca Reyes Bórquez;enero;2026.0;+569 66540508;Retiro;Confesiones;Fantasia, Romantasy, Thriller, Historico, Clásicos, Dark romance, Spicy, Distopia, Ciencia Ficción, Autores chilenos, (Por ahora no romance);5 de cada mes;True;False;activa;ENVIADO;Retiro en Manuel montt
Francisca Reyes Bórquez;febrero;2026.0;+569 66540508;Retiro;Asalto Medici;Fantasia, Romantasy, Thriller, Historico, Clásicos, Dark romance, Spicy, Distopia, Ciencia Ficción, Autores chilenos, (Por ahora no romance);5 de cada mes;True;False;activa;listo;Retiro en Manuel montt
Francisca Valdes Barrientos stgo;enero;2026.0;962636019;Los Jardines 65, depto 2003, Ñuñoa;Lo que la nieve susurra al caer;Fantasia, Romance, Romantasy, Thriller, Dark romance, Spicy, Distopia;5 de cada mes;True;True;activa;ENVIADO;Envio por paket
Gabriela Cruz Payacán;febrero;2026.0;+56994502458;Cuadro Verde 140, Torre 10, Depto 128, Condominio Arcadia, Estación Central;Has llamado a Sam;Fantasia, Romance, Romantasy, Thriller, Clásicos, Dark romance, Distopia, Ciencia Ficción, Autores chilenos;31 de cada mes (o último día del mes);True;True;activa;listo;Envio por paket
Gabriela Paz Toro Muñoz;enero;2026.0;+56923917111;Pasaje Cosmos 2882, Maipu;Todos nuestros recuerdos;Fantasía / Romantasy / Dark Romance / Spicy / Clásicos;5 de cada mes;True;True;activa;ENVIADO;Envio por paket
Gabriela Paz Toro Muñoz;febrero;2026.0;+56923917111;Pasaje Cosmos 2882, Maipu;Juliette y las canciones;Fantasía / Romantasy / Dark Romance / Spicy / Clásicos;5 de cada mes;True;True;activa;listo;Envio por paket
Gabriela Tecay Millar;enero;2026.0;+569 94064902;Mechuque #257, Población Antonio Varas, Puerto Montt;Tú y otros desastres naturales;Fantasia, Romance, Romantasy, Thriller, Dark romance, Spicy, Distopia;5 de cada mes;True;True;activa;enviado;Envío por blue
Gabriela Tecay Millar;febrero;2026.0;+569 94064902;Mechuque #257, Población Antonio Varas, Puerto Montt;Llévame a cualquier lugar;Fantasia, Romance, Romantasy, Thriller, Dark romance, Spicy, Distopia;5 de cada mes;True;True;activa;listo;Envío por blue
Gilda leiva;enero;2026.0;+56939089744;Mirador 1550depto c204, villa alemana huanhuali;Tú y otros desastres naturales;Fantasia, Romance, Clásicos, Dark romance, Ciencia Ficción;5 de cada mes;True;True;activa;ENVIADO;Envio por paket
Gilda leiva;febrero;2026.0;+56939089744;Mirador 1550depto c204, villa alemana huanhuali;Llévame a cualquier lugar;Fantasia, Romance, Clásicos, Dark romance, Ciencia Ficción;5 de cada mes;True;True;activa;listo;Envio por paket
Gloria saldias saez ;enero;2026.0;997037278;Las heras 2241 dpto 707 torre B;;Fantasia, Romance, LGTBQ+, Dark romance, Spicy;5 de cada mes;False;False;no activa;;Envío por blue
Isabel Valenzuela;enero;2026.0;+56983431931;Las Nieves Oriente 2590, casa 11, Puente Alto;Confesiones;Romance, Thriller, Spicy;31 de cada mes (o último día del mes);True;True;activa;ENVIADO;Envio por paket
Isabel Valenzuela;febrero;2026.0;+56983431931;Las Nieves Oriente 2590, casa 11, Puente Alto;Pabellón 57;Romance, Thriller, Spicy;31 de cada mes (o último día del mes);True;True;activa;listo;Envio por paket
Isidora Reyes;diciembre;2025.0;933522160;;El amor no tiene reglas;Fantasia, Romance, Romantasy, Thriller, LGTBQ+, Dark romance, Spicy, Distopia, Ciencia Ficción;5 de cada mes;True;;activa;;Retiro en Manuel montt
Isidora Reyes;noviembre;2025.0;933522160;;La chica que oía a los muertos;Fantasia, Romance, Romantasy, Thriller, LGTBQ+, Dark romance, Spicy, Distopia, Ciencia Ficción;5 de cada mes;True;;activa;;Retiro en Manuel montt
Isidora Reyes;octubre;2025.0;933522160;;Nuestro largo adiós;Fantasia, Romance, Romantasy, Thriller, LGTBQ+, Dark romance, Spicy, Distopia, Ciencia Ficción;5 de cada mes;True;;activa;;Retiro en Manuel montt
Isidora Reyes;enero;2026.0;933522160;;Hideaway;Fantasia, Romance, Romantasy, Thriller, LGTBQ+, Dark romance, Spicy, Distopia, Ciencia Ficción;5 de cada mes;True;False;activa;ENVIADO;Retiro en Manuel montt
Isidora Reyes;febrero;2026.0;933522160;;Canto de tormentos;Fantasia, Romance, Romantasy, Thriller, LGTBQ+, Dark romance, Spicy, Distopia, Ciencia Ficción;5 de cada mes;True;False;activa;listo;Retiro en Manuel montt
Jael Gomez Rozas;enero;2026.0;982826432;Calle Los Andes 1478 Chillán, Ñuble;Tú y otros desastres naturales;Romance;31 de cada mes (o último día del mes);True;True;activa;enviado;Envío por blue
Jael Gomez Rozas;febrero;2026.0;982826432;Calle Los Andes 1478 Chillán, Ñuble;No debía ser así;Romance;31 de cada mes (o último día del mes);True;True;activa;listo;Envío por blue
Javiera Alcántara Díaz;enero;2026.0;962984664;Javi.alcantara01@gmail.com Aytue, Pasaje 1, Sexta Casa a Mano Izquierda, Chimbarongo;Lo que la nieve susurra al caer;Fantasia, Romantasy, Thriller, Historico, Clásicos, Distopia, Autores chilenos;5 de cada mes;True;True;activa;enviado;Envío por blue
Javiera Alcántara Díaz;febrero;2026.0;962984664;Javi.alcantara01@gmail.com Aytue, Pasaje 1, Sexta Casa a Mano Izquierda, Chimbarongo;Juntos en la hoguera;Fantasia, Romantasy, Thriller, Historico, Clásicos, Distopia, Autores chilenos;5 de cada mes;True;True;activa;listo;Envío por blue
Javiera Mendoza Cresp ;diciembre;2025.0;+56964398882;;Cuando seas mía;Fantasia, Romance, Romantasy, Thriller, Dark romance, Spicy;5 de cada mes;True;;activa;;Retiro en Manuel montt
Javiera Mendoza Cresp ;noviembre;2025.0;+56964398882;;Nunca olvides que te quiero;Fantasia, Romance, Romantasy, Thriller, Dark romance, Spicy;5 de cada mes;True;;activa;;Retiro en Manuel montt
Javiera Mendoza Cresp ;octubre;2025.0;+56964398882;;La teoría del amor;Fantasia, Romance, Romantasy, Thriller, Dark romance, Spicy;5 de cada mes;True;;activa;;Retiro en Manuel montt
Javiera Mendoza Cresp ;enero;2026.0;+56964398882;;Dos vidas para crecer;Fantasia, Romance, Romantasy, Thriller, Dark romance, Spicy;5 de cada mes;True;False;activa;ENVIADO;Retiro en Manuel montt
Javiera Mendoza Cresp ;febrero;2026.0;+56964398882;;Spiral;Fantasia, Romance, Romantasy, Thriller, Dark romance, Spicy;5 de cada mes;True;False;activa;listo;Retiro en Manuel montt
Javiera Navarrete Fuentes;enero;2026.0;+56963730522;javiera navarrete fuentes / 18.574.814-6 / Calle Rosas 210, Constitucion. Región del Maule;Rosa maldita;Fantasia, Romantasy, Dark romance, Spicy;5 de cada mes;True;True;activa;enviado;Envío por blue
Javiera Navarrete Fuentes;febrero;2026.0;+56963730522;javiera navarrete fuentes / 18.574.814-6 / Calle Rosas 210, Constitucion. Región del Maule;Captive;Fantasia, Romantasy, Dark romance, Spicy;5 de cada mes;True;True;activa;listo;Envío por blue
Javiera ParedeS;enero;2026.0;961139900;Manuel Montt 1053, dpto 607A, Valdivia;;Fantasia, Romance, Romantasy, Dark romance;31 de cada mes (o último día del mes);False;False;no activa;;Envío por blue
Jennifer Price;diciembre;2025.0;972503147;jpricerudd@gmail.com | avenida colin 996 talca punto copec;La química del amor;Fantasia, Romance, Romantasy, Thriller, Clásicos, Dark romance, Spicy;5 de cada mes;True;;activa;;Envío por blue
Jennifer Price;noviembre;2025.0;972503147;jpricerudd@gmail.com | avenida colin 996 talca punto copec;Dulce pesadilla;Fantasia, Romance, Romantasy, Thriller, Clásicos, Dark romance, Spicy;5 de cada mes;True;;activa;;Envío por blue
Jennifer Price;octubre;2025.0;972503147;jpricerudd@gmail.com | avenida colin 996 talca punto copec;Tú y otros desastres naturales;Fantasia, Romance, Romantasy, Thriller, Clásicos, Dark romance, Spicy;5 de cada mes;True;;activa;;Envío por blue
Jennifer Price;enero;2026.0;972503147;jpricerudd@gmail.com | avenida colin 996 talca punto copec;Dioses indomables;Fantasia, Romance, Romantasy, Thriller, Clásicos, Dark romance, Spicy;5 de cada mes;True;True;activa;enviado;Envío por blue
Jennifer Price;febrero;2026.0;972503147;jpricerudd@gmail.com | avenida colin 996 talca punto copec;Recuérdame, Alice;Fantasia, Romance, Romantasy, Thriller, Clásicos, Dark romance, Spicy;5 de cada mes;True;True;activa;listo;Envío por blue
Jessica Soto Sáez ;diciembre;2025.0;951248363;Calle Arturo Prat 318 ciudad:Los Andes ;Vuelve en enero;Fantasia, Romance, Dark romance, Distopia;5 de cada mes;False;;activa;;Envío por blue
Jessica Soto Sáez ;noviembre;2025.0;951248363;Calle Arturo Prat 318 ciudad:Los Andes ;Escándalo real;Fantasia, Romance, Dark romance, Distopia;5 de cada mes;True;;activa;;Envío por blue
Jessica Soto Sáez ;enero;2026.0;951248363;Calle Arturo Prat 318 ciudad:Los Andes ;Dulce pesadilla;Fantasia, Romance, Dark romance, Distopia;5 de cada mes;True;True;activa;enviado;Envío por blue
Jessica Soto Sáez ;febrero;2026.0;951248363;Calle Arturo Prat 318 ciudad:Los Andes ;Spiral;Fantasia, Romance, Dark romance, Distopia;5 de cada mes;True;True;activa;ok;Envío por blue
jolianny mejia;diciembre;2025.0;953007400;Vicuña Mackenna 1432 depto 2403;El señor número desconocido;Fantasia, Romance, Romantasy, Dark romance, Spicy;5 de cada mes;True;;activa;;Envio por paket
jolianny mejia;noviembre;2025.0;953007400;Vicuña Mackenna 1432 depto 2403;Rey de la ira;Fantasia, Romance, Romantasy, Dark romance, Spicy;5 de cada mes;True;;activa;;Envio por paket
jolianny mejia;enero;2026.0;953007400;Vicuña Mackenna 1432 depto 2403;Rey de la codicia;Fantasia, Romance, Romantasy, Dark romance, Spicy;5 de cada mes;True;True;activa;ENVIADO;Envio por paket
jolianny mejia;febrero;2026.0;953007400;Vicuña Mackenna 1432 depto 2403;Hoy se lo digo;Fantasia, Romance, Romantasy, Dark romance, Spicy;5 de cada mes;True;True;activa;ok;Envio por paket
Josnelis;diciembre;2025.0;;;En las nubes;;;True;;activa;;
Josnelis;noviembre;2025.0;;;Esnob;;;True;;activa;;
Josnelis;enero;2026.0;;;Nightfall;;;True;True;activa;CAMBIO (ENVIA CAJAS);
Josnelis hernandez;febrero;2026.0;+56936572346;Pasaje los encomenderos oriente 1094, Puente alto;Cuando seas mía;Fantasia, Romance, Romantasy, Thriller, Poesía, Dark romance, Spicy;31 de cada mes (o último día del mes);True;True;activa;listo;Envio por paket
juana jobet;enero;2026.0;+56963323904;hendaya 639 las condes ;;Fantasia, Romance, Romantasy, Thriller;31 de cada mes (o último día del mes);False;False;no activa;;Envio por paket
Judith Vargas;enero;2026.0;+56934454499;Rio yeso 3736 puente alto;Quedará el amor;Romance, Thriller, LGTBQ+, Dark romance, Spicy, Autores chilenos;5 de cada mes;True;True;activa;ENVIADO;Envio por paket
Judith Vargas;febrero;2026.0;+56934454499;Rio yeso 3736 puente alto;No debía ser así;Romance, Thriller, LGTBQ+, Dark romance, Spicy, Autores chilenos;5 de cada mes;True;True;activa;listo;Envio por paket
Karen Llanten Zuñiga ;diciembre;2025.0;999169201;Los Perales 213 Quilicura ;El amor no tiene reglas;Fantasia, Romance, Romantasy, Thriller, Historico, Clásicos, LGTBQ+, Dark romance, Spicy, Distopia, Ciencia Ficción, Autores chilenos;5 de cada mes;True;;activa;;Envio por paket
Karen Llanten Zuñiga ;enero;2026.0;999169201;Los Perales 213 Quilicura ;Confesiones;Fantasia, Romance, Romantasy, Thriller, Historico, Clásicos, LGTBQ+, Dark romance, Spicy, Distopia, Ciencia Ficción, Autores chilenos;5 de cada mes;True;True;activa;enviar junto con funda ;Envio por paket
Karen Llanten Zuñiga ;febrero;2026.0;999169201;Los Perales 213 Quilicura ;Guardianes. Los condenados;Fantasia, Romance, Romantasy, Thriller, Historico, Clásicos, LGTBQ+, Dark romance, Spicy, Distopia, Ciencia Ficción, Autores chilenos;5 de cada mes;True;True;activa;listo;Envio por paket
Karen mora ;enero;2026.0;963047947;Punto blue express Copec picarte/A.MUÑOZ VALDIVIA;El color de las cosas invisibles;Fantasia, Romance, Romantasy, Spicy, Ciencia Ficción;31 de cada mes (o último día del mes);True;True;activa;enviado;Envío por blue
Karen mora ;febrero;2026.0;963047947;Punto blue express Copec picarte/A.MUÑOZ VALDIVIA;Recuérdame, Alice;Fantasia, Romance, Romantasy, Spicy, Ciencia Ficción;31 de cada mes (o último día del mes);True;True;activa;listo;Envío por blue
Karina Castillo ;diciembre;2025.0;966165886;correo karinaa.castillodiaz@gmail.com Cardenal raul silva henriquez 1251, coquimbo;La hipótesis del amor;Fantasia, Romance, Romantasy, Thriller, Dark romance, Spicy, Distopia, Ciencia Ficción, Autores chilenos;31 de cada mes (o último día del mes);True;;activa;;Envío por blue
Karina Castillo ;enero;2026.0;966165886;correo karinaa.castillodiaz@gmail.com Cardenal raul silva henriquez 1251, coquimbo;Cortar el viento;Fantasia, Romance, Romantasy, Thriller, Dark romance, Spicy, Distopia, Ciencia Ficción, Autores chilenos;31 de cada mes (o último día del mes);True;True;activa;enviado;Envío por blue
Karina Castillo ;febrero;2026.0;966165886;correo karinaa.castillodiaz@gmail.com Cardenal raul silva henriquez 1251, coquimbo;Maxton Hall;Fantasia, Romance, Romantasy, Thriller, Dark romance, Spicy, Distopia, Ciencia Ficción, Autores chilenos;31 de cada mes (o último día del mes);True;True;activa;listo;Envío por blue
Karla Vicencio;enero;2026.0;;;;;;False;False;no activa;;
Karla Vicencio;febrero;2026.0;;;Una luna sin miel;;;True;True;activa;listo;
Kassandra Castillo Rivera ;diciembre;2025.0;974609646;Cristóbal Moya Miranda #850  La Serena - Coquimbo ;Vuelve en enero;Fantasia, Romance, Thriller, Dark romance, Spicy;31 de cada mes (o último día del mes);False;;activa;;Envío por blue
Kassandra Castillo Rivera ;noviembre;2025.0;974609646;Cristóbal Moya Miranda #850  La Serena - Coquimbo ;Tras la puerta;Fantasia, Romance, Thriller, Dark romance, Spicy;31 de cada mes (o último día del mes);True;;activa;;Envío por blue
Kassandra Castillo Rivera ;octubre;2025.0;974609646;Cristóbal Moya Miranda #850  La Serena - Coquimbo ;Terapia para llevar;Fantasia, Romance, Thriller, Dark romance, Spicy;31 de cada mes (o último día del mes);True;;activa;;Envío por blue
Kassandra Castillo Rivera ;enero;2026.0;974609646;Cristóbal Moya Miranda #850  La Serena - Coquimbo ;Quedará el amor;Fantasia, Romance, Thriller, Dark romance, Spicy;31 de cada mes (o último día del mes);True;True;activa;enviado;Envío por blue
Kassandra Jerez Montoya ;enero;2026.0;932641811;Plaza las pintoras 895, machalí  | kassandra.jerezm@gmail.com;Dulce pesadilla;Fantasia, Romance, Romantasy, Dark romance, Spicy;5 de cada mes;True;True;activa;ENVIADO;Envio por paket
Kassandra Jerez Montoya ;marzo;2026.0;932641811;Plaza las pintoras 895, machalí  | kassandra.jerezm@gmail.com;Guardianes. Los condenados;Fantasia, Romance, Romantasy, Dark romance, Spicy;5 de cada mes;True;True;activa;OK;Envio por paket
Kassandra Jerez Montoya ;febrero;2026.0;932641811;Plaza las pintoras 895, machalí  | kassandra.jerezm@gmail.com;Guardianes. Los condenados;Fantasia, Romance, Romantasy, Dark romance, Spicy;5 de cada mes;True;True;activa;listo;Envio por paket
Katherine Salas Campos;enero;2026.0;958354646;Las dedaleras #3314, Puente Alto.;La isla de los anhelos;Fantasia, Romance, Romantasy, Dark romance, Spicy;31 de cada mes (o último día del mes);True;True;activa;ENVIADO;Envio por paket
Katherine sandoval sandoval;enero;2026.0;938691777;Ohiggins 551 melipilla;;Fantasia, Romance, Romantasy, Spicy, Ciencia Ficción;31 de cada mes (o último día del mes);False;False;no activa;;Envio por paket
Katherine sandoval sandoval;febrero;2026.0;938691777;Ohiggins 551 melipilla;Guardianes. Los condenados;Fantasia, Romance, Romantasy, Spicy, Ciencia Ficción;31 de cada mes (o último día del mes);True;True;activa;listo;Envio por paket
Kelly;noviembre;2025.0;;;El sol también es una estrella;;;True;;activa;;
Kelly Aranda;diciembre;2025.0;;;Cuando despierten las flores;;;True;;activa;;
Kelly Aranda;octubre;2025.0;;;Fearful;;;True;;activa;;
Kelly Aranda;enero;2026.0;;;Rey de la codicia;;;True;True;activa;ENVIADO;
Kelly Aranda;febrero;2026.0;;;Hoy se lo digo;;;True;True;activa;listo;
Kerly Padilla;febrero;2026.0;920185542;san petersburgo 6351 depto b1210, san miguel;En lo más profundo;Romance, Romantasy, Poesía, Dark romance, Spicy, Distopia;5 de cada mes;True;True;activa;listo;Envio por paket
Kimberly bugueño;diciembre;2025.0;+56965875600;Conde duque 1618, calama, region de antofagasta;Butcher and Blackbird;Fantasia, Romance, Romantasy, Thriller, LGTBQ+, Dark romance, Spicy, Distopia, Ciencia Ficción, Autores chilenos;5 de cada mes;True;;activa;;Envío por blue
Kimberly bugueño;noviembre;2025.0;+56965875600;Conde duque 1618, calama, region de antofagasta;Tú y otros desastres naturales;Fantasia, Romance, Romantasy, Thriller, LGTBQ+, Dark romance, Spicy, Distopia, Ciencia Ficción, Autores chilenos;5 de cada mes;True;;activa;;Envío por blue
Kimberly bugueño;enero;2026.0;+56965875600;Conde duque 1618, calama, region de antofagasta;Rey de la codicia;Fantasia, Romance, Romantasy, Thriller, LGTBQ+, Dark romance, Spicy, Distopia, Ciencia Ficción, Autores chilenos;5 de cada mes;True;True;activa;enviado;Envío por blue
Kimberly bugueño;febrero;2026.0;+56965875600;Conde duque 1618, calama, region de antofagasta;Llévame a cualquier lugar;Fantasia, Romance, Romantasy, Thriller, LGTBQ+, Dark romance, Spicy, Distopia, Ciencia Ficción, Autores chilenos;5 de cada mes;True;True;activa;listo;Envío por blue
Kimberly Hellen Bravo Balladares;diciembre;2025.0;959709589;Población Carlos González Calle Obispo Manuel Larraín #430, Maule | kimyhellen2017@gmail.com;El sol también es una estrella;Romance, Romantasy, Dark romance, Spicy;5 de cada mes;True;;activa;;Envío por blue
Kimberly Hellen Bravo Balladares;noviembre;2025.0;959709589;Población Carlos González Calle Obispo Manuel Larraín #430, Maule | kimyhellen2017@gmail.com;Esnob;Romance, Romantasy, Dark romance, Spicy;5 de cada mes;True;;activa;;Envío por blue
Kimberly Hellen Bravo Balladares;enero;2026.0;959709589;Población Carlos González Calle Obispo Manuel Larraín #430, Maule | kimyhellen2017@gmail.com;Dulce pesadilla;Romance, Romantasy, Dark romance, Spicy;5 de cada mes;True;True;activa;enviado;Envío por blue
Kimberly Hellen Bravo Balladares;febrero;2026.0;959709589;Población Carlos González Calle Obispo Manuel Larraín #430, Maule | kimyhellen2017@gmail.com;Canto de tormentos;Romance, Romantasy, Dark romance, Spicy;5 de cada mes;True;True;activa;listo;Envío por blue
Krishna Bórquez ;octubre;2025.0;942622739;fresia region de los lagos villa vista hermosa pasaje osorno 15;Sonó un violín en París;Fantasia, Historico, Autores chilenos;31 de cada mes (o último día del mes);True;;activa;;Envío por blue
Krishna Bórquez ;enero;2026.0;942622739;fresia region de los lagos villa vista hermosa pasaje osorno 15;;Fantasia, Historico, Autores chilenos;31 de cada mes (o último día del mes);False;False;no activa;;Envío por blue
Krishna Bórquez ;noviembre;2025.0;942622739;fresia region de los lagos villa vista hermosa pasaje osorno 15;;Fantasia, Historico, Autores chilenos;31 de cada mes (o último día del mes);False;;no activa;;Envío por blue
Laura Pizarro ;febrero;2026.0;+56 9 59602034;Avenida estación 227 Los vilos, región de coquimbo;Una historia divertida;Fantasia, Romance, Romantasy, LGTBQ+, Dark romance, Spicy, Distopia;31 de cada mes (o último día del mes);True;True;activa;listo;Envío por blue
Leidi laura;diciembre;2025.0;927626830;sucursal es Punto Blue Express Copec Alto Hospicio Ruta 16 Km ubicado en VIA EXPRESSO NORTE 2 2916, ALTO HOSPICIO. Leidi laura paredes 927626830 rut:22.130.458-6  recoger en la sucusal ;;Fantasia, Romance, Romantasy, LGTBQ+, Dark romance, Spicy;5 de cada mes;False;;activa;;Envío por blue
Leidi laura;noviembre;2025.0;927626830;sucursal es Punto Blue Express Copec Alto Hospicio Ruta 16 Km ubicado en VIA EXPRESSO NORTE 2 2916, ALTO HOSPICIO. Leidi laura paredes 927626830 rut:22.130.458-6  recoger en la sucusal ;Destructora de reinos;Fantasia, Romance, Romantasy, LGTBQ+, Dark romance, Spicy;5 de cada mes;True;;activa;;Envío por blue
Leidi laura;octubre;2025.0;927626830;sucursal es Punto Blue Express Copec Alto Hospicio Ruta 16 Km ubicado en VIA EXPRESSO NORTE 2 2916, ALTO HOSPICIO. Leidi laura paredes 927626830 rut:22.130.458-6  recoger en la sucusal ;Tú y otros desastres naturales;Fantasia, Romance, Romantasy, LGTBQ+, Dark romance, Spicy;5 de cada mes;True;;activa;;Envío por blue
Leidi laura;enero;2026.0;927626830;sucursal es Punto Blue Express Copec Alto Hospicio Ruta 16 Km ubicado en VIA EXPRESSO NORTE 2 2916, ALTO HOSPICIO. Leidi laura paredes 927626830 rut:22.130.458-6  recoger en la sucusal ;;Fantasia, Romance, Romantasy, LGTBQ+, Dark romance, Spicy;5 de cada mes;False;False;no activa;;Envío por blue
Leiya Barahona;enero;2026.0;+56990233038;San pedro de ataca #157 La Reina;;Fantasia, Romance, Romantasy, Dark romance, Spicy, Distopia, Ciencia Ficción;31 de cada mes (o último día del mes);False;False;no activa;;Envio por paket
Leiya Barahona;noviembre;2025.0;+56990233038;San pedro de ataca #157 La Reina;;Fantasia, Romance, Romantasy, Dark romance, Spicy, Distopia, Ciencia Ficción;31 de cada mes (o último día del mes);False;;no activa;;Envio por paket
Lissette Toloza Gonzalez ;diciembre;2025.0;+56991200333;Lizzyausten5@gmail.com|Pasaje 9 casa 355 sexto sector Playa Ancha Valparaiso ;Cuando Haru estuvo aquí;Romance, Thriller, Clásicos, Autores chilenos;31 de cada mes (o último día del mes);True;;activa;;Envío por blue
Lissette Toloza Gonzalez ;noviembre;2025.0;+56991200333;Lizzyausten5@gmail.com|Pasaje 9 casa 355 sexto sector Playa Ancha Valparaiso ;Un mar sin estrellas;Romance, Thriller, Clásicos, Autores chilenos;31 de cada mes (o último día del mes);True;;activa;;Envío por blue
Lissette Toloza Gonzalez ;octubre;2025.0;+56991200333;Lizzyausten5@gmail.com|Pasaje 9 casa 355 sexto sector Playa Ancha Valparaiso ;La última cuentista;Romance, Thriller, Clásicos, Autores chilenos;31 de cada mes (o último día del mes);True;;activa;;Envío por blue
Lissette Toloza Gonzalez ;enero;2026.0;+56991200333;Lizzyausten5@gmail.com|Pasaje 9 casa 355 sexto sector Playa Ancha Valparaiso ;Cuentos Victorianos de Fantasmas Para Navidad;Romance, Thriller, Clásicos, Autores chilenos;31 de cada mes (o último día del mes);True;True;activa;enviado;Envío por blue
Lissette Toloza Gonzalez ;febrero;2026.0;+56991200333;Lizzyausten5@gmail.com|Pasaje 9 casa 355 sexto sector Playa Ancha Valparaiso ;Canto de tormentos;Romance, Thriller, Clásicos, Autores chilenos;31 de cada mes (o último día del mes);True;True;activa;listo;Envío por blue
Luis Alfredo Pérez Droguett;enero;2026.0;;;Primer amor;;;False;True;activa;ENVIADO;
Fabian Gonzalez Vasquez;febrero;2026.0;+56990872362;Calle 124 casa 1051 Peñalolen;Nuestro lugar en el mundo;Fantasia, Romance, Romantasy, Thriller, LGTBQ+, Dark romance, Spicy, Distopia;31 de cada mes (o último día del mes);True;True;activa;listo;Envio por paket
Luis Pérez (Danae Martínez);febrero;2026.0;950665888;Pasaje Hispania 290 Villa San Pablo Paine Danae Martínez 19.925.470-7;Amor en préstamo;Romance, Thriller, Dark romance, Spicy;31 de cada mes (o último día del mes);True;True;activa;listo;Envio por paket
Macarena Carrillo Orellana;febrero;2026.0;987170884;Los Mercedarios #81. Villa defensa Nacional. Chillan. Ñuble.;Hoy se lo digo;Romance, Romantasy, Dark romance, Spicy;5 de cada mes;True;True;activa;listo;Envío por blue
Macarena Montoya ;enero;2026.0;983683478;Los carrera 54, esquina esmeralda población nuevo amanecer yumbel 8region chile ;Confesiones;Fantasia, Romance, Romantasy, Clásicos, Dark romance, Spicy;31 de cada mes (o último día del mes);True;False;activa;enviado;Envío por blue
Macarena Montoya ;febrero;2026.0;983683478;Los carrera 54, esquina esmeralda población nuevo amanecer yumbel 8region chile ;Recuérdame, Alice;Fantasia, Romance, Romantasy, Clásicos, Dark romance, Spicy;31 de cada mes (o último día del mes);True;True;activa;listo;Envío por blue
Macarena Oyanadel Pérez ;diciembre;2025.0;+56932474414;;Vuelve en enero;Romance, Romantasy, Thriller, Historico, Dark romance, Spicy;31 de cada mes (o último día del mes);True;;activa;;Retiro en Manuel montt
Macarena Oyanadel Pérez ;noviembre;2025.0;+56932474414;;Melodía de la memoria;Romance, Romantasy, Thriller, Historico, Dark romance, Spicy;31 de cada mes (o último día del mes);True;;activa;;Retiro en Manuel montt
Macarena Oyanadel Pérez ;octubre;2025.0;+56932474414;;Hijos dorados;Romance, Romantasy, Thriller, Historico, Dark romance, Spicy;31 de cada mes (o último día del mes);True;;activa;;Retiro en Manuel montt
Macarena Oyanadel Pérez ;enero;2026.0;+56932474414;;Cuentos Victorianos de Fantasmas Para Navidad;Romance, Romantasy, Thriller, Historico, Dark romance, Spicy;31 de cada mes (o último día del mes);True;False;activa;ENVIADO;Retiro en Manuel montt
Macarena Oyanadel Pérez ;febrero;2026.0;+56932474414;;Siempre fuiste tú;Romance, Romantasy, Thriller, Historico, Dark romance, Spicy;31 de cada mes (o último día del mes);True;False;activa;listo;Retiro en Manuel montt
Macarena Zúñiga ;diciembre;2025.0;972501592;Macarena Zúñiga ;Pesadilla en Navidad;Fantasia, Romantasy, Thriller, Historico, LGTBQ+, Dark romance, Spicy, Distopia;5 de cada mes;True;;activa;;Envio por paket
Macarena Zúñiga ;noviembre;2025.0;972501592;Macarena Zúñiga ;Aguas oscuras;Fantasia, Romantasy, Thriller, Historico, LGTBQ+, Dark romance, Spicy, Distopia;5 de cada mes;True;;activa;;Envio por paket
Macarena Zúñiga ;enero;2026.0;972501592;Macarena Zúñiga ;Tren bala;Fantasia, Romantasy, Thriller, Historico, LGTBQ+, Dark romance, Spicy, Distopia;5 de cada mes;True;True;activa;ENVIADO;Envio por paket
Macarena Zúñiga ;febrero;2026.0;972501592;Macarena Zúñiga ;Una cita en el infierno;Fantasia, Romantasy, Thriller, Historico, LGTBQ+, Dark romance, Spicy, Distopia;5 de cada mes;True;True;activa;enviado;Envio por paket
Mackarena Alvarado mundaca ;diciembre;2025.0;979148400;Pasaje catemu 3170 (casa esquina con Hijuelas ), Maipú ;La hora azul;Fantasia, Romance, Romantasy, Thriller;31 de cada mes (o último día del mes);True;;activa;;Envio por paket
Mackarena Alvarado mundaca ;noviembre;2025.0;979148400;Pasaje catemu 3170 (casa esquina con Hijuelas ), Maipú ;La maldición de la sangre;Fantasia, Romance, Romantasy, Thriller;31 de cada mes (o último día del mes);True;;activa;;Envio por paket
Mackarena Alvarado mundaca ;enero;2026.0;979148400;Pasaje catemu 3170 (casa esquina con Hijuelas ), Maipú ;Cuentos Victorianos de Fantasmas Para Navidad;Fantasia, Romance, Romantasy, Thriller;31 de cada mes (o último día del mes);True;True;activa;ENVIADO;Envio por paket
Mackarena Alvarado mundaca ;febrero;2026.0;979148400;Pasaje catemu 3170 (casa esquina con Hijuelas ), Maipú ;Guardianes. Los condenados;Fantasia, Romance, Romantasy, Thriller;31 de cada mes (o último día del mes);True;True;activa;listo;Envio por paket
Maheva López;diciembre;2025.0;+569 99059635;RETIRO;Los siete maridos de Evelyn Hugo;Fantasia, Romantasy, Historico;5 de cada mes;True;;activa;;Retiro en Manuel montt
Maheva López;noviembre;2025.0;+569 99059635;RETIRO;Los juegos del hambre;Fantasia, Romantasy, Historico;5 de cada mes;True;;activa;;Retiro en Manuel montt
Maheva López;octubre;2025.0;+569 99059635;RETIRO;Esnob;Fantasia, Romantasy, Historico;5 de cada mes;True;;activa;;Retiro en Manuel montt
Maheva López;enero;2026.0;+569 99059635;RETIRO;Una promesa de cien años;Fantasia, Romantasy, Historico;5 de cada mes;True;False;activa;ENVIADO;Retiro en Manuel montt
Maheva López;febrero;2026.0;+569 99059635;RETIRO;Asalto Medici;Fantasia, Romantasy, Historico;5 de cada mes;True;False;activa;listo;Retiro en Manuel montt
Maithe Espina León ;enero;2026.0;987058044;Pasaje rolecha 15338 San Bernardo;;Fantasia, Romance, Romantasy, Dark romance;5 de cada mes;False;False;no activa;;Envio por paket
Maithe Espina León ;febrero;2026.0;987058044;Pasaje rolecha 15338 San Bernardo;Guardianes. Los condenados;Fantasia, Romance, Romantasy, Dark romance;5 de cada mes;True;True;activa;listo;Envio por paket
Maria Ampuero Morales ;enero;2026.0;+56 9 3178 1771;Brsilia 1282, villa el sauce, comuna de Padre Hurtado, santiago, región metropolitana ;Nada como en las películas;Fantasia, Romantasy, Thriller, Clásicos, Dark romance, Spicy, Distopia, Ciencia Ficción, autores chilenos;5 de cada mes;True;True;activa;ENVIADO;Envio por paket
Maria Ampuero Morales ;febrero;2026.0;+56 9 3178 1771;Brsilia 1282, villa el sauce, comuna de Padre Hurtado, santiago, región metropolitana ;Juntos en la hoguera;Fantasia, Romantasy, Thriller, Clásicos, Dark romance, Spicy, Distopia, Ciencia Ficción, autores chilenos;5 de cada mes;True;True;activa;listo;Envio por paket
Maria Paz Ramirez;diciembre;2025.0;940320437;San miguel 25, sitio 06. Condominio Sta Maria de Liray. Colina (sector liray);La serpiente y las alas de la noche;Fantasia, Romance, Romantasy, Thriller, Historico, Dark romance, Spicy, Ciencia Ficción, Autores chilenos;5 de cada mes;True;;activa;;envio por paket
Maria Paz Ramirez;noviembre;2025.0;940320437;San miguel 25, sitio 06. Condominio Sta Maria de Liray. Colina (sector liray);Melodía de la memoria;Fantasia, Romance, Romantasy, Thriller, Historico, Dark romance, Spicy, Ciencia Ficción, Autores chilenos;5 de cada mes;True;;activa;;envio por paket
Maria Paz Ramirez;enero;2026.0;940320437;San miguel 25, sitio 06. Condominio Sta Maria de Liray. Colina (sector liray);Confesiones;Fantasia, Romance, Romantasy, Thriller, Historico, Dark romance, Spicy, Ciencia Ficción, Autores chilenos;5 de cada mes;True;True;activa;ENVIADO;envio por paket
Maria Paz Ramirez;febrero;2026.0;940320437;San miguel 25, sitio 06. Condominio Sta Maria de Liray. Colina (sector liray);Los secretos del jardín de Odette;Fantasia, Romance, Romantasy, Thriller, Historico, Dark romance, Spicy, Ciencia Ficción, Autores chilenos;5 de cada mes;True;True;activa;listo;envio por paket
Mariana ;diciembre;2025.0;;;La niña salvaje;;;True;;activa;;
Mariana ;enero;2026.0;;;Secreto;;;False;True;activa;ENVIADO;
Mariana ;noviembre;2025.0;;;Mari, no veas esto;;;True;;activa;;
Mariana ;octubre;2025.0;;;Larga vida al rey;;;True;;activa;;
Mariana ;febrero;2026.0;;;Canto de tormentos;;;True;True;activa;enviado;
Maribel almendares ;noviembre;2025.0;991326891;Maribel almendares, 991326891 ,Francisco Bilbao 878 ciudad Taltal, región de Antofagasta.;;Fantasia, Romantasy, Thriller, Historico, Dark romance, Ciencia Ficción, Autores chilenos;5 de cada mes;False;;no activa;;Envío por blue
Maribel almendares ;octubre;2025.0;991326891;Maribel almendares, 991326891 ,Francisco Bilbao 878 ciudad Taltal, región de Antofagasta.;De sangre y cenizas;Fantasia, Romantasy, Thriller, Historico, Dark romance, Ciencia Ficción, Autores chilenos;5 de cada mes;True;;no activa;;Envío por blue
Maribel almendares ;enero;2026.0;991326891;Maribel almendares, 991326891 ,Francisco Bilbao 878 ciudad Taltal, región de Antofagasta.;;Fantasia, Romantasy, Thriller, Historico, Dark romance, Ciencia Ficción, Autores chilenos;5 de cada mes;False;False;no activa;;Envío por blue
Mariela carrasco;enero;2026.0;968531478;Sucursal blue lebu Esq - Andres Bello, J A Ríos, Lebu, Bío Bío;La ecuación de amor;Romance, Romantasy, Dark romance, Spicy;31 de cada mes (o último día del mes);True;True;activa;enviado;Envío por blue
María José Villablanca ;febrero;2026.0;988265229;mariajose.icq@gmail.com|Punto Blue Express Copec Freire Esq. Amunategui collipulli ;El arte de ser nosotros;Fantasia, Romance, Romantasy, Poesía, Clásicos, Distopia;5 de cada mes;True;True;activa;listo;Envío por blue
Marlyn  Morales;enero;2026.0;971244832;chopin 438 pudahuel santiago;;Fantasia, Romance, Romantasy, Spicy;31 de cada mes (o último día del mes);False;False;no activa;;Envío por blue
Marta Alvarado Ramos;enero;2026.0;946483237;Pedro aguirre cerda 1130, valparaiso;Tú y otros desastres naturales;Romance, Romantasy, Dark romance, Spicy;31 de cada mes (o último día del mes);True;True;activa;ENVIADO;Envio por paket
Marta Alvarado Ramos;febrero;2026.0;946483237;Pedro aguirre cerda 1130, valparaiso;Una historia divertida;Romance, Romantasy, Dark romance, Spicy;31 de cada mes (o último día del mes);True;True;activa;listo;Envio por paket
Marthina Neira;enero;2026.0;953475331;Los Alelies 6353,Pedro Aguirre Cerda;Sonata de verano;Fantasia, Romance, Romantasy, Thriller, Clásicos, LGTBQ+, Dark romance, Spicy, Distopia, Ciencia Ficción, Autores chilenos;31 de cada mes (o último día del mes);True;True;activa;ENVIADO;Envio por paket
Marthina Neira;febrero;2026.0;953475331;Los Alelies 6353,Pedro Aguirre Cerda;Una historia divertida;Fantasia, Romance, Romantasy, Thriller, Clásicos, LGTBQ+, Dark romance, Spicy, Distopia, Ciencia Ficción, Autores chilenos;31 de cada mes (o último día del mes);True;True;activa;listo;Envio por paket
Mayra Lopez;febrero;2026.0;990648060;Pasaje Eduardo Anguita 1974, Colina, Santiago.;Juliette y las canciones;Fantasia, Romantasy, Dark romance, Distopia;5 de cada mes;True;True;activa;listo;Envio por paket
montserrat soto lecaros ;febrero;2026.0;988763405;montserrat belen| soto lecaros| 988763405| montserratsotolecaros@gmail.com| valparaiso| villa alemana| los suspiros | 0605| como referencia casa esquina amarilla ;Las cosas más preciosas;Romance, Romantasy, Dark romance, Spicy;31 de cada mes (o último día del mes);True;True;activa;;Envio por paket
Tamara Aguilera Contreras ;febrero;2026.0;;;El color de las cosas invisibles;;;True;True;activa;;
Melanie;enero;2026.0;;;;;;False;False;no activa;;
Melanie Thomas;enero;2026.0;933933872;;Corazón roto;Fantasia, Romance, Romantasy, Thriller, Clásicos, Dark romance, Spicy, Distopia, Ciencia Ficción, Autores chilenos;31 de cada mes (o último día del mes);True;False;activa;ENVIADO;Retiro en Manuel montt
Melanie Thomas;febrero;2026.0;933933872;;Juntos en la hoguera;Fantasia, Romance, Romantasy, Thriller, Clásicos, Dark romance, Spicy, Distopia, Ciencia Ficción, Autores chilenos;31 de cada mes (o último día del mes);True;False;activa;listo;Retiro en Manuel montt
Melissa González ;diciembre;2025.0;940455093;Capellan Florencio infante 2755 casa 82 maipu;Josh y Hazel: Guía para el fracaso amoroso;Fantasia, Romance, Romantasy, Thriller, Spicy;31 de cada mes (o último día del mes);False;;activa;;Envio por paket
Melissa González ;noviembre;2025.0;940455093;Capellan Florencio infante 2755 casa 82 maipu;No es amor;Fantasia, Romance, Romantasy, Thriller, Spicy;31 de cada mes (o último día del mes);True;;activa;;Envio por paket
Melissa González ;octubre;2025.0;940455093;Capellan Florencio infante 2755 casa 82 maipu;La última carta;Fantasia, Romance, Romantasy, Thriller, Spicy;31 de cada mes (o último día del mes);True;;activa;;Envio por paket
Melissa González ;enero;2026.0;940455093;Capellan Florencio infante 2755 casa 82 maipu;Josh y Hazel: Guía para el fracaso amoroso;Fantasia, Romance, Romantasy, Thriller, Spicy;31 de cada mes (o último día del mes);True;True;activa;ENVIADO;Envio por paket
Muriel arancibia castillo ;diciembre;2025.0;947454268;RETIRO;El príncipe cautivo;Fantasia, Romance, Romantasy, Thriller, LGTBQ+, Dark romance, Spicy;31 de cada mes (o último día del mes);True;;activa;;Retiro en Manuel montt
Muriel arancibia castillo ;diciembre;2025.0;947454268;RETIRO;;Fantasia, Romance, Romantasy, Thriller, LGTBQ+, Dark romance, Spicy;31 de cada mes (o último día del mes);False;;activa;;Retiro en Manuel montt
Muriel arancibia castillo ;noviembre;2025.0;947454268;RETIRO;Atmosphere;Fantasia, Romance, Romantasy, Thriller, LGTBQ+, Dark romance, Spicy;31 de cada mes (o último día del mes);True;;activa;;Retiro en Manuel montt
Muriel arancibia castillo ;octubre;2025.0;947454268;RETIRO;Del odio al amor;Fantasia, Romance, Romantasy, Thriller, LGTBQ+, Dark romance, Spicy;31 de cada mes (o último día del mes);True;;activa;;Retiro en Manuel montt
Muriel arancibia castillo ;enero;2026.0;947454268;RETIRO;Rey de la codicia;Fantasia, Romance, Romantasy, Thriller, LGTBQ+, Dark romance, Spicy;31 de cada mes (o último día del mes);True;False;activa;ENVIADO;Retiro en Manuel montt
Muriel arancibia castillo ;febrero;2026.0;947454268;RETIRO;Amor animal;Fantasia, Romance, Romantasy, Thriller, LGTBQ+, Dark romance, Spicy;31 de cada mes (o último día del mes);True;False;activa;listo;Retiro en Manuel montt
NATALIA NUNEZ AGUIRRE;enero;2026.0;995705125;SANTA MARIA 204, RANCAGUA;Corazón roto;Fantasia, Romance, Romantasy, Clásicos, Dark romance, Spicy, Ciencia Ficción;5 de cada mes;True;True;activa;ENVIADO;Envio por paket
NATALIA NUNEZ AGUIRRE;febrero;2026.0;995705125;SANTA MARIA 204, RANCAGUA;La magia de las casualidades;Fantasia, Romance, Romantasy, Clásicos, Dark romance, Spicy, Ciencia Ficción;5 de cada mes;True;True;activa;listo;Envio por paket
Nataly rivera;febrero;2026.0;+56967492373;Con volcan Calbuco;Una luna sin miel;Fantasia, Romance, Romantasy, Thriller, Dark romance, Spicy, Ciencia Ficción, Autores chilenos;5 de cada mes;True;True;activa;listo;Envío por blue
Nataly Araya Paredes ;enero;2026.0;964247887;Calle lisboa 1209, san bernardo;Nada de esto es verdad;Thriller;31 de cada mes (o último día del mes);True;True;activa;ENVIADO;Envio por paket
Nataly Araya Paredes ;febrero;2026.0;964247887;Calle lisboa 1209, san bernardo;Pabellón 57;Thriller;31 de cada mes (o último día del mes);True;True;activa;listo;Envio por paket
Nataly vilches;febrero;2026.0;930379905;Nataly Vilches, la arcilla 979, la florida;Tú y otros desastres naturales;Romance, Thriller, Autores chilenos;5 de cada mes;False;False;activa;;Envio por paket
Nathaly Soto ;enero;2026.0;963713719;Juan de Pineda 8063 Depto 507, comuna la florida ;El secreto del río;Fantasia, Romance, Romantasy, Thriller, Clásicos, Dark romance, Spicy, Ciencia Ficción;5 de cada mes;True;True;activa;ENVIADO;Envio por paket
Nathaly Soto ;febrero;2026.0;963713719;Juan de Pineda 8063 Depto 507, comuna la florida ;Anda, anda, Mari Morena;Fantasia, Romance, Romantasy, Thriller, Clásicos, Dark romance, Spicy, Ciencia Ficción;5 de cada mes;True;True;activa;listo;Envio por paket
Neldy Montecinos ;diciembre;2025.0;976459305;puerto montt 18839, maipu;Anda, anda, Mari Morena;Fantasia, Romance, Romantasy, Poesía, Clásicos, LGTBQ+, Spicy, Distopia, Ciencia Ficción, Autores chilenos;31 de cada mes (o último día del mes);True;;activa;;Envio por paket
Neldy Montecinos ;noviembre;2025.0;976459305;puerto montt 18839, maipu;Bloom;Fantasia, Romance, Romantasy, Poesía, Clásicos, LGTBQ+, Spicy, Distopia, Ciencia Ficción, Autores chilenos;31 de cada mes (o último día del mes);True;;activa;;Envio por paket
Neldy Montecinos ;octubre;2025.0;976459305;puerto montt 18839, maipu;Amanecer en la cosecha;Fantasia, Romance, Romantasy, Poesía, Clásicos, LGTBQ+, Spicy, Distopia, Ciencia Ficción, Autores chilenos;31 de cada mes (o último día del mes);True;;activa;;Envio por paket
Neldy Montecinos ;enero;2026.0;976459305;puerto montt 18839, maipu;Teoría Kim;Fantasia, Romance, Romantasy, Poesía, Clásicos, LGTBQ+, Spicy, Distopia, Ciencia Ficción, Autores chilenos;31 de cada mes (o último día del mes);True;True;activa;ENVIADO;Envio por paket
Neldy Montecinos ;febrero;2026.0;976459305;puerto montt 18839, maipu;Guardianes. Los condenados;Fantasia, Romance, Romantasy, Poesía, Clásicos, LGTBQ+, Spicy, Distopia, Ciencia Ficción, Autores chilenos;31 de cada mes (o último día del mes);False;False;activa;;Envio por paket
Nicol Fuentes;enero;2026.0;962070141;;Anda, anda, Mari Morena;Fantasia, Romance, Romantasy, Clásicos, Distopia, Ciencia Ficción, Autores chilenos;31 de cada mes (o último día del mes);True;False;activa;ENVIADO;Retiro en Manuel montt
Nicol Fuentes;febrero;2026.0;962070141;;Ojalá esta fuera nuestra historia de amor;Fantasia, Romance, Romantasy, Clásicos, Distopia, Ciencia Ficción, Autores chilenos;31 de cada mes (o último día del mes);True;False;activa;listo;Retiro en Manuel montt
Ninoska Jaque Tobar;diciembre;2025.0;990699390;Dirección: José Simón Cañas 4317, Pedro Aguirre Cerda;No estás en la lista;Fantasia, Romance, Romantasy, Dark romance, Spicy;5 de cada mes;True;;activa;;Envio por paket
Ninoska Jaque Tobar;noviembre;2025.0;990699390;Dirección: José Simón Cañas 4317, Pedro Aguirre Cerda;Romper el círculo;Fantasia, Romance, Romantasy, Dark romance, Spicy;5 de cada mes;True;;activa;;Envio por paket
Ninoska Jaque Tobar;octubre;2025.0;990699390;Dirección: José Simón Cañas 4317, Pedro Aguirre Cerda;El arte de ahogarse;Fantasia, Romance, Romantasy, Dark romance, Spicy;5 de cada mes;True;;activa;;Envio por paket
Ninoska Jaque Tobar;enero;2026.0;990699390;Dirección: José Simón Cañas 4317, Pedro Aguirre Cerda;El día que dejó de nevar en Alaska;Fantasia, Romance, Romantasy, Dark romance, Spicy;5 de cada mes;True;True;activa;ENVIADO;Envio por paket
Ninoska Jaque Tobar;febrero;2026.0;990699390;Dirección: José Simón Cañas 4317, Pedro Aguirre Cerda;La magia de las casualidades;Fantasia, Romance, Romantasy, Dark romance, Spicy;5 de cada mes;True;True;activa;ENVIAR EL 15 DE FEB;Envio por paket
Nicole Inostroza ;febrero;2026.0;946903010;Camino a Cato km 11 | inostroza.1991@gmail.com;Eres el amor de mi otra vida;Fantasia, Romance, Romantasy, Thriller, Historico, Clásicos, Dark romance, Spicy, Ciencia Ficción, Autores chilenos;5 de cada mes;True;True;activa;listo;Envío por blue
Nydia Guerrero;enero;2026.0;961494415;Gran avenida José Miguel Carrera 4310 depto. 1810 San Miguel;Máscara de gato;Fantasia, Romantasy, Thriller, Dark romance, Distopia;31 de cada mes (o último día del mes);True;True;activa;ENVIADO;Envio por paket
Nydia Guerrero;febrero;2026.0;961494415;Gran avenida José Miguel Carrera 4310 depto. 1810 San Miguel;Los últimos días de Clayton & Co.;Fantasia, Romantasy, Thriller, Dark romance, Distopia;31 de cada mes (o último día del mes);True;True;activa;listo;Envio por paket
Paloma pastenes;enero;2026.0;992457021;Colihue 670, maipú;Una promesa de cien años;Fantasia, Romance, Romantasy, Thriller, Dark romance, Spicy, Ciencia Ficción;5 de cada mes;True;True;activa;ENVIADO;Envio por paket
Paloma pastenes;febrero;2026.0;992457021;Colihue 670, maipú;Maxton Hall;Fantasia, Romance, Romantasy, Thriller, Dark romance, Spicy, Ciencia Ficción;5 de cada mes;True;True;activa;listo;Envio por paket
Pamela Tapia;enero;2026.0;984161448;Victor troncos Muñoz 121 casa 120 Buin ;Nosotros en la luna;Romance, Thriller, Clásicos, Ciencia Ficción;5 de cada mes;True;True;activa;ENVIADO;Envio por paket
Pamela Tapia;febrero;2026.0;984161448;Victor troncos Muñoz 121 casa 120 Buin ;El arte de ser nosotros;Romance, Thriller, Clásicos, Ciencia Ficción;5 de cada mes;True;True;activa;listo;Envio por paket
Patricia Jara Lillo;diciembre;2025.0;932385263;Conde de manso 1150, dpto G-203, condominio casas patronales, melipilla. ;Better;Fantasia, Romance, Romantasy, Thriller, LGTBQ+, Dark romance, Spicy, Distopia, Ciencia Ficción;31 de cada mes (o último día del mes);True;;activa;;Envio por paket
Patricia Jara Lillo;noviembre;2025.0;932385263;Conde de manso 1150, dpto G-203, condominio casas patronales, melipilla. ;La tormenta;Fantasia, Romance, Romantasy, Thriller, LGTBQ+, Dark romance, Spicy, Distopia, Ciencia Ficción;31 de cada mes (o último día del mes);True;;activa;;Envio por paket
Patricia Jara Lillo;enero;2026.0;932385263;Conde de manso 1150, dpto G-203, condominio casas patronales, melipilla. ;Captive;Fantasia, Romance, Romantasy, Thriller, LGTBQ+, Dark romance, Spicy, Distopia, Ciencia Ficción;31 de cada mes (o último día del mes);True;False;activa;;Envio por paket
Patricia Jara Lillo;febrero;2026.0;932385263;Conde de manso 1150, dpto G-203, condominio casas patronales, melipilla. ;Amor en préstamo;Fantasia, Romance, Romantasy, Thriller, LGTBQ+, Dark romance, Spicy, Distopia, Ciencia Ficción;31 de cada mes (o último día del mes);True;True;activa;listo;Envio por paket
Paula Oviedo Atuntaya;enero;2026.0;+56 9 8437 7267;Punto Blue Express Copec Av. Argentina 1103 antofagasta | pconstanza.oviedo@gmail.com;El secreto de las nubes;Romance (sport,historico,found family), Romantasy (ligero), Dark Romance, Spicy, Distopia;5 de cada mes;True;True;activa;enviado;Envío por blue
Paula Oviedo Atuntaya;febrero;2026.0;+56 9 8437 7267;Punto Blue Express Copec Av. Argentina 1103 antofagasta | pconstanza.oviedo@gmail.com;Juntos en la hoguera;Romance (sport,historico,found family), Romantasy (ligero), Dark Romance, Spicy, Distopia;5 de cada mes;True;True;activa;listo;Envío por blue
Paula Vásquez;enero;2026.0;+56992776797;El oboe 197 maipú, 20680446-7, Paula Vásquez ;Confesiones;Fantasia, Romance, Romantasy, LGTBQ+, Dark romance, Distopia, Ciencia Ficción, Autores chilenos;31 de cada mes (o último día del mes);True;True;activa;ENVIADO;Envio por paket
Paulina Herrera Jerez ;diciembre;2025.0;+56 9 3252 6270;Pasaje Mirasol #10130 La Granja, Región Metropolitana;Oye, diabla;Fantasia, Romance, Romantasy, Thriller, LGTBQ+, Dark romance, Spicy, Distopia;5 de cada mes;True;;activa;;Envio por paket
Paulina Herrera Jerez ;noviembre;2025.0;+56 9 3252 6270;Pasaje Mirasol #10130 La Granja, Región Metropolitana;Una catastrófica visita al zoo;Fantasia, Romance, Romantasy, Thriller, LGTBQ+, Dark romance, Spicy, Distopia;5 de cada mes;True;;activa;;Envio por paket
Paulina Herrera Jerez ;octubre;2025.0;+56 9 3252 6270;Pasaje Mirasol #10130 La Granja, Región Metropolitana;Que entierren nuestros huesos en la medianoche;Fantasia, Romance, Romantasy, Thriller, LGTBQ+, Dark romance, Spicy, Distopia;5 de cada mes;True;;activa;;Envio por paket
Paulina Herrera Jerez ;enero;2026.0;+56 9 3252 6270;Pasaje Mirasol #10130 La Granja, Región Metropolitana;Quizás en otra vida;Fantasia, Romance, Romantasy, Thriller, LGTBQ+, Dark romance, Spicy, Distopia;5 de cada mes;True;True;activa;ENVIADO;Envio por paket
Paulina Salazar Bravo ;febrero;2026.0;931998222;Retiro ;Felices para nunca;Romance, Thriller, Clásicos, Dark romance, Romantasy;5 de cada mes;True;False;activa;listo;Retiro en Manuel montt
Paulina Zapata Fuentes ;noviembre;2025.0;+569 44976655;Blue express comuna de Chillán sucursal itata 525;Mi nombre es Emilia del Valle;Fantasia, Romance, Romantasy, Thriller, Historico, Distopia, Ciencia Ficción;5 de cada mes;True;;no activa;;Envío por blue
Paulina Zapata Fuentes ;octubre;2025.0;+569 44976655;Blue express comuna de Chillán sucursal itata 525;Una corte de rosas y espinas;Fantasia, Romance, Romantasy, Thriller, Historico, Distopia, Ciencia Ficción;5 de cada mes;True;;no activa;;Envío por blue
Paulina Zapata Fuentes ;enero;2026.0;+569 44976655;Blue express comuna de Chillán sucursal itata 525;;Fantasia, Romance, Romantasy, Thriller, Historico, Distopia, Ciencia Ficción;5 de cada mes;False;False;no activa;;Envío por blue
Pía Fuentes ;enero;2026.0;+569 9882 8699;"Avenida Leon Bustos #0280, Espacio Urbano de linares, local n°11 ""Econópticas"", Linares, región del Maule.";La chica que oía a los muertos;Fantasia, Romantasy, Thriller, Dark romance;31 de cada mes (o último día del mes);True;True;activa;enviado;Envío por blue
Paulina Herrera Jerez ;febrero;2026.0;+56 9 3252 6270;Pasaje Mirasol #10130 La Granja, Región Metropolitana;Los últimos días de Clayton & Co.;Fantasia, Romance, Romantasy, Thriller, LGTBQ+, Dark romance, Spicy, Distopia;5 de cada mes;True;True;activa;listo;Envio por paket
Piera Rodriguez ;diciembre;2025.0;955153445;José Ignacio López 02772, Jardines del sur, Antofagasta;La tormenta;Dark romance, Spicy, Thriller;31 de cada mes (o último día del mes);True;;activa;;Envío por blue
Piera Rodriguez ;noviembre;2025.0;955153445;José Ignacio López 02772, Jardines del sur, Antofagasta;Aliento de las llamas;Dark romance, Spicy, Thriller;31 de cada mes (o último día del mes);True;;activa;;Envío por blue
Piera Rodriguez ;octubre;2025.0;955153445;José Ignacio López 02772, Jardines del sur, Antofagasta;Tú y otros desastres naturales;Dark romance, Spicy, Thriller;31 de cada mes (o último día del mes);True;;activa;;Envío por blue
Piera Rodriguez ;enero;2026.0;955153445;José Ignacio López 02772, Jardines del sur, Antofagasta;Cuando seas mía;Dark romance, Spicy, Thriller;31 de cada mes (o último día del mes);True;True;activa;enviado;Envío por blue
Piera Rodriguez ;febrero;2026.0;955153445;José Ignacio López 02772, Jardines del sur, Antofagasta;Butcher and Blackbird;Dark romance, Spicy, Thriller;31 de cada mes (o último día del mes);True;True;activa;listo;Envío por blue
Polina tilleria;enero;2026.0;987935089;quillota 250, viña del mar, departamento 1805b, vive viana 2;Tren bala;Thriller, Poesía, Clásicos, Dark romance, Distopia, Ciencia Ficción;31 de cada mes (o último día del mes);True;True;activa;ENVIADO;Envio por paket
Polina tilleria;febrero;2026.0;987935089;quillota 250, viña del mar, departamento 1805b, vive viana 2;Cuando seas mía;Thriller, Poesía, Clásicos, Dark romance, Distopia, Ciencia Ficción;31 de cada mes (o último día del mes);True;True;activa;listo;Envio por paket
Priscila Cardenas Vergara ;enero;2026.0;994465067;priscila.catalinaa@gmail.com  Ancud Chiloé, Villa solidaridad Pasaje Angol 103 ;Magia en la calle Navidad;Fantasia, Romance, Romantasy, Thriller, Clásicos, LGTBQ+, Dark romance, Spicy, Distopia, Ciencia Ficción, Autores chilenos;5 de cada mes;True;True;activa;enviado;Envío por blue
Priscila Cardenas Vergara ;febrero;2026.0;994465067;priscila.catalinaa@gmail.com  Ancud Chiloé, Villa solidaridad Pasaje Angol 103 ;Guardianes. Los condenados;Fantasia, Romance, Romantasy, Thriller, Clásicos, LGTBQ+, Dark romance, Spicy, Distopia, Ciencia Ficción, Autores chilenos;5 de cada mes;True;True;activa;listo;Envío por blue
Rayen allendes;enero;2026.0;+56931860760;Bombero Hugo Olguín 7315 cerrillos;Sonata de verano;Fantasia, Romance, Romantasy, Thriller, Clásicos, LGTBQ+, Dark romance, Spicy, Distopia, Ciencia Ficción, Autores chilenos;5 de cada mes;True;True;activa;ENVIADO;Envio por paket
Rayen allendes;febrero;2026.0;+56931860760;Bombero Hugo Olguín 7315 cerrillos;El arte de ser nosotros;Fantasia, Romance, Romantasy, Thriller, Clásicos, LGTBQ+, Dark romance, Spicy, Distopia, Ciencia Ficción, Autores chilenos;5 de cada mes;True;True;activa;listo;Envio por paket
Rayi Ahumada ;febrero;2026.0;+56984188056;;En lo más profundo;Romance, Dark romance, Spicy;5 de cada mes;False;False;activa;listo;Retiro en Manuel montt
Rosa Moreno ;enero;2026.0;+56934157330;;Máscara de gato;Fantasia, Romance, Romantasy, Thriller, Dark romance, Spicy;5 de cada mes;True;False;activa;ENVIADO;Retiro en Manuel montt
Rosa Moreno ;febrero;2026.0;+56934157330;;Reina del estío;Fantasia, Romance, Romantasy, Thriller, Dark romance, Spicy;5 de cada mes;True;False;activa;listo;Retiro en Manuel montt
Sammy Quezada;febrero;2026.0;+56 9 8792 3677;Frutillar 553, Quilpué, Región de Valparaíso ;Los secretos del jardín de Odette;Fantasia, Romance, Romantasy, Thriller, Clásicos, LGTBQ+, Dark romance, Spicy, Distopia, Ciencia Ficción, Autores chilenos;31 de cada mes (o último día del mes);True;True;activa;listo;Envio por paket
Sasha Rodríguez;enero;2026.0;995922866;Fernandez Albano #161 depto 1113 la cisterna;Ciudad de polvo de estrellas;Fantasia, Romance, Romantasy, Thriller, LGTBQ+, Dark romance, Spicy, Autores chilenos;5 de cada mes;True;True;activa;ENVIADO;Envio por paket
Sasha Rodríguez;febrero;2026.0;995922866;Fernandez Albano #161 depto 1113 la cisterna;Cuando seas mía;Fantasia, Romance, Romantasy, Thriller, LGTBQ+, Dark romance, Spicy, Autores chilenos;5 de cada mes;True;True;activa;listo;Envio por paket
Scarleth Soto;enero;2026.0;986437013;punto blue  Balmaceda 1629 Temuco, Chile;El faro de los amores dormidos;Romance, Romantasy, Poesía, Clásicos, LGTBQ+, Spicy;31 de cada mes (o último día del mes);True;True;activa;ENVIAR EN FEBRERO JUNTO CON CAJA FEBRERO;Envío por blue
Scarleth Soto;febrero;2026.0;986437013;punto blue  Balmaceda 1629 Temuco, Chile;Wilder;Romance, Romantasy, Poesía, Clásicos, LGTBQ+, Spicy;31 de cada mes (o último día del mes);True;False;activa;listo;Envío por blue
Scarleth Vargas ;febrero;2026.0;+56942559249;Avenida General San Martín 305, Valle Grande, Lampa;En lo más profundo;Romance, Spicy;31 de cada mes (o último día del mes);True;True;activa;listo;Envio por paket
Scarlett Troncoso;diciembre;2025.0;56949318157;;Finge que me quieres;Romance, Romantasy, Dark romance, Spicy;5 de cada mes;True;;activa;;Retiro en Manuel montt
Scarlett Troncoso;noviembre;2025.0;56949318157;;Un verano en Nueva York;Romance, Romantasy, Dark romance, Spicy;5 de cada mes;True;;activa;;Retiro en Manuel montt
Scarlett Troncoso;enero;2026.0;56949318157;;Nightfall;Romance, Romantasy, Dark romance, Spicy;5 de cada mes;True;False;activa;ENVIADO;Retiro en Manuel montt
Scarlett Troncoso;febrero;2026.0;56949318157;;Un segundo para amar;Romance, Romantasy, Dark romance, Spicy;5 de cada mes;True;True;activa;listo;Retiro en Manuel montt
Sheyla Robles Santander;enero;2026.0;930683956;sheyla.robles@gmail.com|El Roble #211, ovalle ;Dioses indomables;Fantasia, Romance, Romantasy, Dark romance, Spicy;31 de cada mes (o último día del mes);True;True;activa;enviado;Envío por blue
Sheyla Robles Santander;febrero;2026.0;930683956;sheyla.robles@gmail.com|El Roble #211, ovalle ;El amor derriba muros;Fantasia, Romance, Romantasy, Dark romance, Spicy;31 de cada mes (o último día del mes);True;True;activa;listo;Envío por blue
Silvana Núñez ;diciembre;2025.0;+56984480347;;Trono de los caídos;Fantasia, Romance, Romantasy, Thriller, Dark romance;31 de cada mes (o último día del mes);True;;activa;;Retiro en Manuel montt
Silvana Núñez ;noviembre;2025.0;+56984480347;;El vals de la bruja;Fantasia, Romance, Romantasy, Thriller, Dark romance;31 de cada mes (o último día del mes);True;;activa;;Retiro en Manuel montt
Silvana Núñez ;enero;2026.0;+56984480347;;Cadenas del rey;Fantasia, Romance, Romantasy, Thriller, Dark romance;31 de cada mes (o último día del mes);True;False;activa;ENVIADO;Retiro en Manuel montt
Silvana Núñez ;febrero;2026.0;+56984480347;;Felices para nunca;Fantasia, Romance, Romantasy, Thriller, Dark romance;31 de cada mes (o último día del mes);True;False;activa;listo;Retiro en Manuel montt
Simona Juarez Bravo;diciembre;2025.0;+56931832505;Nombre: Simona Juarez Bravo    Dirección: diego portales 1974 olmue Teléfono: +56931832505;Flawless;Fantasia, Romance, Romantasy;5 de cada mes;True;;activa;;Envio por paket
Simona Juarez Bravo;noviembre;2025.0;+56931832505;Nombre: Simona Juarez Bravo    Dirección: diego portales 1974 olmue Teléfono: +56931832505;The Lucky Ones;Fantasia, Romance, Romantasy;5 de cada mes;True;;activa;;Envio por paket
Simona Juarez Bravo;enero;2026.0;+56931832505;Nombre: Simona Juarez Bravo    Dirección: diego portales 1974 olmue Teléfono: +56931832505;Dulce pesadilla;Fantasia, Romance, Romantasy;5 de cada mes;True;True;activa;ENVIADO;Envio por paket
Simona Juarez Bravo;febrero;2026.0;+56931832505;Nombre: Simona Juarez Bravo    Dirección: diego portales 1974 olmue Teléfono: +56931832505;Reina del estío;Fantasia, Romance, Romantasy;5 de cada mes;True;True;activa;listo;Envio por paket
Sofia Daleymi Prieto Bencomo ;diciembre;2025.0;9 6656 7691;;Un pase al corazón;Fantasia, Romance, Romantasy, Dark romance, Spicy, Ciencia Ficción;5 de cada mes;True;;activa;;Retiro en Manuel montt
Sofia Daleymi Prieto Bencomo ;noviembre;2025.0;9 6656 7691;;Un mar sin estrellas;Fantasia, Romance, Romantasy, Dark romance, Spicy, Ciencia Ficción;5 de cada mes;True;;activa;;Retiro en Manuel montt
Sofia Daleymi Prieto Bencomo ;octubre;2025.0;9 6656 7691;;Promesas oscuras;Fantasia, Romance, Romantasy, Dark romance, Spicy, Ciencia Ficción;5 de cada mes;True;;activa;;Retiro en Manuel montt
Sofia Daleymi Prieto Bencomo ;enero;2026.0;9 6656 7691;;Confesiones;Fantasia, Romance, Romantasy, Dark romance, Spicy, Ciencia Ficción;5 de cada mes;True;False;activa;;Retiro en Manuel montt
Sofia Daleymi Prieto Bencomo ;febrero;2026.0;9 6656 7691;;En lo más profundo;Fantasia, Romance, Romantasy, Dark romance, Spicy, Ciencia Ficción;5 de cada mes;True;False;activa;listo;Retiro en Manuel montt
Solange Bascuñan;febrero;2026.0;972493845;Amalindo beiza fuentes 2820. Comuna de Colina ;Nuestro largo adiós;Fantasia, Romance, Romantasy, Thriller, Spicy;31 de cada mes (o último día del mes);True;True;activa;listo;Envio por paket
Soledad Espinoza;diciembre;2025.0;993391219;sespinozachamorro@gmail.com | Oficina tricolor 232 portada del norte 2 , antofagasta;La fan número 1;Fantasia, Romantasy, Thriller, Spicy, Ciencia Ficción, Autores chilenos, (STOP Romance y asiaticos);5 de cada mes;True;;activa;;Envío por blue
Soledad Espinoza;noviembre;2025.0;993391219;sespinozachamorro@gmail.com | Oficina tricolor 232 portada del norte 2 , antofagasta;Guía para brujas falsas;Fantasia, Romantasy, Thriller, Spicy, Ciencia Ficción, Autores chilenos, (STOP Romance y asiaticos);5 de cada mes;True;;activa;;Envío por blue
Soledad Espinoza;enero;2026.0;993391219;sespinozachamorro@gmail.com | Oficina tricolor 232 portada del norte 2 , antofagasta;Rey de la soberbia;Fantasia, Romantasy, Thriller, Spicy, Ciencia Ficción, Autores chilenos, (STOP Romance y asiaticos);5 de cada mes;True;True;activa;enviado;Envío por blue
Soledad Espinoza;febrero;2026.0;993391219;sespinozachamorro@gmail.com | Oficina tricolor 232 portada del norte 2 , antofagasta;Hoy se lo digo;Fantasia, Romantasy, Thriller, Spicy, Ciencia Ficción, Autores chilenos, (STOP Romance y asiaticos);5 de cada mes;True;True;activa;listo;Envío por blue
Stefanía Carrasco;febrero;2026.0;+56982533062;Calle O'Higgins Nro. 116, Valdivia, (Como referencia: Edificio, antes de Carlos Adwanter)Región de Los Ríos. ;Maxton Hall;Fantasia, Romance, Romantasy, Dark romance, Spicy;31 de cada mes (o último día del mes);True;True;activa;listo;Envío por blue
Susana Abigail Muñoz Vera;febrero;2026.0;984544094;CHACABUCO 210, VALDIVIA, Región de Los Ríos. Nombre: Susana Muñoz Vera, 17.742.967-8, 984544094;Una historia divertida;Romance, Romantasy, LGTBQ+, Dark romance, Spicy;31 de cada mes (o último día del mes);True;True;activa;listo;Envío por blue
Suzelie lubin ;noviembre;2025.0;977158503;Laguna verde ;Dioses de jade y sombra;Fantasia, Romance, Romantasy, Poesía, Clásicos, Dark romance, Spicy, Ciencia Ficción;5 de cada mes;True;;activa;;Envío por blue
Suzelie lubin ;diciembre;2025.0;977158503;Laguna verde ;;Fantasia, Romance, Romantasy, Poesía, Clásicos, Dark romance, Spicy, Ciencia Ficción;5 de cada mes;False;;no activa;;Envío por blue
Suzelie lubin ;enero;2026.0;977158503;Laguna verde ;;Fantasia, Romance, Romantasy, Poesía, Clásicos, Dark romance, Spicy, Ciencia Ficción;5 de cada mes;False;False;no activa;;Envío por blue
Tatiana Vejar Diaz;febrero;2026.0;9 63306403;tatiana.vejar.diaz@gmail.com|Calle las Dalias 665, Villa el Mirador, Comuna Lautaro, Novena región;Anda, anda, Mari Morena;Fantasia, Romance, Romantasy, Dark romance, Spicy;31 de cada mes (o último día del mes);True;True;activa;listo;Envío por blue
Tihare pereira;enero;2026.0;947805104;Calle la ruda 63 cerro mariposa Valparaíso ;;Fantasia, Romance, Romantasy, Thriller, Dark romance, Spicy;31 de cada mes (o último día del mes);False;False;no activa;;Envio por paket
Tihare pereira;noviembre;2025.0;947805104;Calle la ruda 63 cerro mariposa Valparaíso ;;Fantasia, Romance, Romantasy, Thriller, Dark romance, Spicy;31 de cada mes (o último día del mes);False;;no activa;;Envio por paket
Trinidad Parra ;enero;2026.0;+56 9 4442 4942;Camino Guay Guay 9811, casa 52 (Chicureo, colina);Confesiones;Romance, Spicy;5 de cada mes;True;True;activa;ENVIADO;Envio por paket
valentina barraza ;enero;2026.0;+56932594682;REGIon coquimbo, ciudad La serena villa el indio  pasaje los crisantemos 4516,tbarraza076@gmail.com;En las nubes;Romance, Poesía, Clásicos, Dark romance, Spicy;31 de cada mes (o último día del mes);True;True;activa;enviado;Envío por blue
Valentina Escobar Martínez ;febrero;2026.0;944838412;Valentina Escobar Martínez 944838412 alejandramartini0707@gmail.com  Metropolitana  pasaje la pedrera oriente 1078 puente alto ;Captive;Romance, Romantasy, Dark romance, Spicy;5 de cada mes;True;True;activa;listo;Envio por paket
valentina barraza ;febrero;2026.0;+56932594682;REGIon coquimbo, ciudad La serena villa el indio  pasaje los crisantemos 4516,tbarraza076@gmail.com;Tú y otros desastres naturales;Romance, Poesía, Clásicos, Dark romance, Spicy;31 de cada mes (o último día del mes);True;True;activa;listo;Envío por blue
Valentina Bertolone;enero;2026.0;+56962207061;San Javier, Maule. Población santa Amalia pasaje monseñor larrain 1728, Valekyumin@gmail.com;Cuando no queden más estrellas que contar;Fantasia, Romance, Romantasy, Dark romance, Spicy;31 de cada mes (o último día del mes);True;True;activa;enviado;Envío por blue
Valentina Bertolone;febrero;2026.0;+56962207061;San Javier, Maule. Población santa Amalia pasaje monseñor larrain 1728, Valekyumin@gmail.com;Hoy se lo digo;Fantasia, Romance, Romantasy, Dark romance, Spicy;31 de cada mes (o último día del mes);True;True;activa;listo;Envío por blue
VALENTINA HURTADO;enero;2026.0;962327369;Angamos 8379, la cisterna;;Romance, Romantasy, Dark romance, Spicy;5 de cada mes;True;False;activa;;Envio por paket
VALENTINA HURTADO;febrero;2026.0;962327369;Angamos 8379, la cisterna;No debía ser así;Romance, Romantasy, Dark romance, Spicy;5 de cada mes;True;True;activa;listo;Envio por paket
Valentina Mora;diciembre;2025.0;944096394;Los Cipreses 12461, comuna El Bosque. Region metropolitana.;El problema del paraíso;Fantasia, Romantasy, Dark romance, Spicy;5 de cada mes;True;;activa;;Envio por paket
Valentina Mora;noviembre;2025.0;944096394;Los Cipreses 12461, comuna El Bosque. Region metropolitana.;El trono del prisionero;Fantasia, Romantasy, Dark romance, Spicy;5 de cada mes;True;;activa;;Envio por paket
Valentina Mora;enero;2026.0;944096394;Los Cipreses 12461, comuna El Bosque. Region metropolitana.;;Fantasia, Romantasy, Dark romance, Spicy;5 de cada mes;False;True;activa;vuelve en feb;Envio por paket
Valentina Mora;febrero;2026.0;944096394;Los Cipreses 12461, comuna El Bosque. Region metropolitana.;Captive;Fantasia, Romantasy, Dark romance, Spicy;5 de cada mes;True;True;activa;listo;Envio por paket
Valentina Suarez Castillo;diciembre;2025.0;998917524;Nombre: Valentina Suarez Castillo  Dirección: Prolongacion solidaridad 987  Ciudad: Chillan Comuna:Chillan viejo Telefono: 998917524 Email: valentinabeatrizsc99@gmail.com;De sangre y cenizas;Fantasia, Romance, Romantasy, LGTBQ+, Dark romance, Spicy;31 de cada mes (o último día del mes);True;;activa;;Envío por blue
Valentina Suarez Castillo;noviembre;2025.0;998917524;Nombre: Valentina Suarez Castillo  Dirección: Prolongacion solidaridad 987  Ciudad: Chillan Comuna:Chillan viejo Telefono: 998917524 Email: valentinabeatrizsc99@gmail.com;Destructora de reinos;Fantasia, Romance, Romantasy, LGTBQ+, Dark romance, Spicy;31 de cada mes (o último día del mes);True;;activa;;Envío por blue
Valentina Suarez Castillo;octubre;2025.0;998917524;Nombre: Valentina Suarez Castillo  Dirección: Prolongacion solidaridad 987  Ciudad: Chillan Comuna:Chillan viejo Telefono: 998917524 Email: valentinabeatrizsc99@gmail.com;Hoy se lo digo;Fantasia, Romance, Romantasy, LGTBQ+, Dark romance, Spicy;31 de cada mes (o último día del mes);True;;activa;;Envío por blue
Valentina Suarez Castillo;enero;2026.0;998917524;Nombre: Valentina Suarez Castillo  Dirección: Prolongacion solidaridad 987  Ciudad: Chillan Comuna:Chillan viejo Telefono: 998917524 Email: valentinabeatrizsc99@gmail.com;Menú para dos;Fantasia, Romance, Romantasy, LGTBQ+, Dark romance, Spicy;31 de cada mes (o último día del mes);True;True;activa;enviar caja junto con la de febrero y marzo y con libro casa de los espiritus;Envío por blue
Valentina Suarez Castillo;febrero;2026.0;998917524;Nombre: Valentina Suarez Castillo  Dirección: Prolongacion solidaridad 987  Ciudad: Chillan Comuna:Chillan viejo Telefono: 998917524 Email: valentinabeatrizsc99@gmail.com;Alas de estrella;Fantasia, Romance, Romantasy, LGTBQ+, Dark romance, Spicy;31 de cada mes (o último día del mes);True;True;activa;enviar caja junto con la de febrero y marzo y con libro casa de los espiritus;Envío por blue
Valentina Suarez Ruiz ;enero;2026.0;932881791;Avenida Detective Jose Cubillos Rivera 3387, Alto Hospicio Balentina.belen.23@gmail.com;;Fantasia, Romance, Romantasy, Dark romance, Spicy, Distopia;5 de cada mes;True;False;activa;FEBRERO;Envío por blue
Elizabeth Troncoso ;febrero;2026.0;+56995009724;19 1/2 sur #216, entre avenida colín y 6 y media poniente, Talca, Región del Maule ;Guardianes. Los condenados;Fantasia, Romance, Romantasy, Spicy;5 de cada mes;True;True;activa;listo;Envío por blue
Valentina Suarez Ruiz ;febrero;2026.0;932881791;Avenida Detective Jose Cubillos Rivera 3387, Alto Hospicio Balentina.belen.23@gmail.com;Nuestro largo adiós;Fantasia, Romance, Romantasy, Dark romance, Spicy, Distopia;5 de cada mes;True;True;activa;listo;Envío por blue
Valentina Toledo Gonzalez;enero;2026.0;967669869;;La hija del relojero;Fantasia, Romance, Romantasy, Thriller, Historico, Clásicos, Distopia, Ciencia Ficción, Autores chilenos;31 de cada mes (o último día del mes);False;False;no activa;;Retiro en Manuel montt
Valentina Villanueva Olivero ;diciembre;2025.0;+56 9 37198324;Pasaje Calle Calle #363, Quilicura, Santiago;En las nubes;Fantasia, Romance, Romantasy, Dark romance, Spicy;5 de cada mes;True;;activa;;Envio por paket
Valentina Villanueva Olivero ;noviembre;2025.0;+56 9 37198324;Pasaje Calle Calle #363, Quilicura, Santiago;Esnob;Fantasia, Romance, Romantasy, Dark romance, Spicy;5 de cada mes;True;;activa;;Envio por paket
Valentina Villanueva Olivero ;octubre;2025.0;+56 9 37198324;Pasaje Calle Calle #363, Quilicura, Santiago;Pucking Around;Fantasia, Romance, Romantasy, Dark romance, Spicy;5 de cada mes;True;;activa;;Envio por paket
Valentina Villanueva Olivero ;enero;2026.0;+56 9 37198324;Pasaje Calle Calle #363, Quilicura, Santiago;En las nubes;Fantasia, Romance, Romantasy, Dark romance, Spicy;5 de cada mes;True;True;activa;ENVIADO;Envio por paket
Valentina Villanueva Olivero ;febrero;2026.0;+56 9 37198324;Pasaje Calle Calle #363, Quilicura, Santiago;Wilder;Fantasia, Romance, Romantasy, Dark romance, Spicy;5 de cada mes;True;True;activa;listo;Envio por paket
VALESKA RIQUELME ;diciembre;2025.0;974887191;Pasaje 2 casa 444 Villa Los Lirios Manzanal Rancagua;Las cosas más preciosas;Romance, Romantasy, Thriller, Dark romance, Spicy;5 de cada mes;True;;activa;;Envio por paket
VALESKA RIQUELME ;noviembre;2025.0;974887191;Pasaje 2 casa 444 Villa Los Lirios Manzanal Rancagua;Tú y otros desastres naturales;Romance, Romantasy, Thriller, Dark romance, Spicy;5 de cada mes;True;;activa;;Envio por paket
VALESKA RIQUELME ;octubre;2025.0;974887191;Pasaje 2 casa 444 Villa Los Lirios Manzanal Rancagua;El arte de ser nosotros;Romance, Romantasy, Thriller, Dark romance, Spicy;5 de cada mes;True;;activa;;Envio por paket
VALESKA RIQUELME ;enero;2026.0;974887191;Pasaje 2 casa 444 Villa Los Lirios Manzanal Rancagua;Corazón roto;Romance, Romantasy, Thriller, Dark romance, Spicy;5 de cada mes;True;True;activa;ENVIADO;Envio por paket
VALESKA RIQUELME ;febrero;2026.0;974887191;Pasaje 2 casa 444 Villa Los Lirios Manzanal Rancagua;This Is Our Time;Romance, Romantasy, Thriller, Dark romance, Spicy;5 de cada mes;True;True;activa;listo;Envio por paket
Vanessa Mateluna Mancisidor ;diciembre;2025.0;+56932661123 ;Novena 1131, placilla valparaiso ;Las cosas más preciosas;Fantasia, Romance, Romantasy, Clásicos, Dark romance, Spicy, Ciencia Ficción, Autores chilenos;5 de cada mes;True;;activa;;Envio por paket
Vanessa Mateluna Mancisidor ;noviembre;2025.0;+56932661123 ;Novena 1131, placilla valparaiso ;Tú y otros desastres naturales;Fantasia, Romance, Romantasy, Clásicos, Dark romance, Spicy, Ciencia Ficción, Autores chilenos;5 de cada mes;True;;activa;;Envio por paket
Vanessa Mateluna Mancisidor ;enero;2026.0;+56932661123 ;Novena 1131, placilla valparaiso ;Escaparate navideño;Fantasia, Romance, Romantasy, Clásicos, Dark romance, Spicy, Ciencia Ficción, Autores chilenos;5 de cada mes;True;True;activa;ENVIADO;Envio por paket
Vanessa Mateluna Mancisidor ;febrero;2026.0;+56932661123 ;Novena 1131, placilla valparaiso ;Siempre fuiste tú;Fantasia, Romance, Romantasy, Clásicos, Dark romance, Spicy, Ciencia Ficción, Autores chilenos;5 de cada mes;True;True;activa;listo;Envio por paket
Victoria Pedraza;diciembre;2025.0;+56972405325;Aeropuerto 166, Estación Central;Máscara de gato;Fantasia, Romance, Romantasy, Thriller, Historico, Dark romance, Spicy, Distopia, Ciencia Ficción, Autores chilenos;5 de cada mes;True;;activa;;Envio por paket
Valeria Torres Fuentes;febrero;2026.0;+56 9 95797452;El Olmo 5, N° 7651, La Reina;El secreto del río;Fantasia, Thriller, Dark romance, Distopia;31 de cada mes (o último día del mes);True;True;activa;listo;Envio por paket
Victoria Pedraza;noviembre;2025.0;+56972405325;Aeropuerto 166, Estación Central;Guardiana de libros;Fantasia, Romance, Romantasy, Thriller, Historico, Dark romance, Spicy, Distopia, Ciencia Ficción, Autores chilenos;5 de cada mes;True;;activa;;Envio por paket
Victoria Pedraza;enero;2026.0;+56972405325;Aeropuerto 166, Estación Central;;Fantasia, Romance, Romantasy, Thriller, Historico, Dark romance, Spicy, Distopia, Ciencia Ficción, Autores chilenos;5 de cada mes;False;True;activa;vuelve en feb;Envio por paket
Victoria Pedraza;febrero;2026.0;+56972405325;Aeropuerto 166, Estación Central;Canto de tormentos;Fantasia, Romance, Romantasy, Thriller, Historico, Dark romance, Spicy, Distopia, Ciencia Ficción, Autores chilenos;5 de cada mes;True;True;activa;listo;Envio por paket
Yenifer espinace;febrero;2026.0;9 77453922 ;Avenida central 222 casa 5 condominio los canelos san bernardo;El color de las cosas invisibles;Fantasia, Romance;5 de cada mes;True;True;activa;listo;Envio por paket
Yamilette Brucil;enero;2026.0;986895703;;;Fantasia, Romance, Romantasy, Dark romance, Spicy;31 de cada mes (o último día del mes);False;False;no activa;;Retiro en Manuel montt
Yamilette Brucil;noviembre;2025.0;986895703;;Un verano en Nueva York;Fantasia, Romance, Romantasy, Dark romance, Spicy;31 de cada mes (o último día del mes);True;;no activa;;Retiro en Manuel montt
Yamilette Brucil;octubre;2025.0;986895703;;La última carta;Fantasia, Romance, Romantasy, Dark romance, Spicy;31 de cada mes (o último día del mes);True;;no activa;;Retiro en Manuel montt
Yanira Mejías Reyes;enero;2026.0;+569 89170647;Millao 422 Santa Cruz | ymejiasr@gmail.com;Guía para brujas falsas;Romantasy, Thriller;31 de cada mes (o último día del mes);True;True;activa;enviado;Envío por blue
Yanira Mejías Reyes;febrero;2026.0;+569 89170647;Millao 422 Santa Cruz | ymejiasr@gmail.com;Medium;Romantasy, Thriller;31 de cada mes (o último día del mes);True;True;activa;listo;Envío por blue
Yhiliand Baeza Crisóstomo;febrero;2026.0;983104171;calle baquedano 1293 paillaco, región de los ríos;No debía ser así;Fantasia, Romance, Romantasy, Thriller, Dark romance, Spicy;31 de cada mes (o último día del mes);True;True;activa;libros;Envío por blue
Constanza Muñoz ;febrero;2026.0;977303080;J-415 teno chile. SAN CRISTOBAL SITIO 11 REFERENCIA TENO | Constanzamo39@gmail.com;Has llamado a Sam;Fantasia, Romance, Romantasy, Thriller, Clásicos, Dark romance, Spicy, Ciencia Ficción, Autores chilenos;5 de cada mes;True;True;activa;listo;Envío por blue
Denisse fuenzalida;febrero;2026.0;948593359;Bombero garrido curico,calle santa ines casa 983 | Fuenzalidadenisse174@gmail.com;Asalto Medici;Fantasia, Romance, Romantasy, Thriller, Dark romance, Spicy;5 de cada mes;True;True;activa;;Envío por blue
Marcela Guerrero Gonzalez ;febrero;2026.0;+56944465302;Avenida costanera 3400, Edificio Barlovento Depto b12, Coquimbo, 4° región: Coquimbo, Chile;Mil recuerdos tuyos;Romance, Spicy;5 de cada mes;True;True;activa;listo;Envío por blue
Abigail Compayante Novoa;marzo;2026.0;999199449;Manuel Bulnes 815, oficina 408, Temuco;En lo más profundo;Fantasia, Romance, Romantasy;5 de cada mes;True;True;activa;OK;Envío por blue
Aileen Pincheira ;marzo;2026.0;966502070;Aileen|Pincheira|966502070|aileen.vpm93@gmail.com|Región Metropolitana|Maipú|Marco Antonio|16767;Say You Swear;Fantasia, Romance, Romantasy, Thriller, Dark romance, Spicy, Distopia;5 de cada mes;True;True;activa;OK;Envio por paket
Almendra campusano ;marzo;2026.0;+56935038361;Ramón Barros Luco, 056 STGO BUIN ;Detonante;Fantasia, Romance, Romantasy, Thriller, Historico, Clásicos, Dark romance, Spicy, Distopia, Ciencia Ficción;5 de cada mes;True;True;activa;OK;Envio por paket
Amanda Castillo;marzo;2026.0;944499029;Santa Teresa 1874, Huechuraba;Confesiones;Fantasia, Romance, Romantasy, Thriller, Clásicos, Dark romance, Spicy, Distopia, Ciencia Ficción. Libros conocidos en tiktok,ig;5 de cada mes;True;True;activa;OK;Envio por paket
Ana Pereira Rusque;marzo;2026.0;968592139;Pasaje 13 #439 nueva peñaflor. Comuna Peñaflor.;La última vez que pienso en ti;Fantasia, Romance, Romantasy, Thriller, LGTBQ+, Dark romance, Spicy;31 de cada mes (o último día del mes);True;True;activa;OK;Envio por paket
Anahi Barcena;marzo;2026.0;56965385688;Anahi Barcena Saavedra - avenida Circunvalacion 174 Poblacion Alfredo Lorca - Punta Arenas | Anhybarcena@gmail.com ;La magia de las casualidades;Fantasia, Romance, Clásicos;5 de cada mes;True;True;activa;OK;Envío por blue
Andrea leiva;marzo;2026.0;944452908;;Reina del estío;Fantasia, Romance, Romantasy, Dark romance, Spicy, Distopia;31 de cada mes (o último día del mes);True;True;activa;OK;Retiro en Manuel montt
Annais Sandoval;marzo;2026.0;+569 5437 2607;"Av. Walker Martinez 1000, la florida
Dpto 111, torre B";El retorno de Rachel Price;Fantasia, Romance, Romantasy, Thriller, Clásicos, Dark romance, Spicy, Distopia, Ciencia Ficción;5 de cada mes;True;True;activa;OK;Envio por paket
Antonia Pavez;marzo;2026.0;953240040;Avenida Miguel letelier parcela 7 ruta G546 pintué Comuna de paine Referencia: almacén la aguilina;Amor animal;Fantasia, Romantasy, LGTBQ+, Spicy, Distopia;5 de cada mes;True;True;activa;OK;Envio por paket
Arantza Valentina Tobar Trengove;marzo;2026.0;+56966260420;retiro;El retorno de Rachel Price;Fantasia, Romance, Romantasy, Thriller, Dark romance, Spicy, Distopia;31 de cada mes (o último día del mes);True;True;activa;OK;Retiro en Manuel montt
Barbara Vasquez Olguin;marzo;2026.0;+56978570169;Punto blue express manuel rodriguez 725 chiguayante;Confesiones;Fantasia, Romance, Romantasy, Historico, Clásicos, LGTBQ+, Dark romance, Spicy, Distopia, Autores chilenos;5 de cada mes;True;True;activa;OK;Envío por blue
Beatriz Fuenzalida;marzo;2026.0;991307408;Nombre: Beatriz Fuenzalida/ RUT: 18803298-2/ Dirección: Bernardino 1978, Puerto Montt /Telefono:991307408;El retorno de Rachel Price;Fantasia, Romantasy, Thriller, Dark romance, Distopia, Autores chilenos;31 de cada mes (o último día del mes);True;True;activa;OK;Envío por blue
Blanca Chávez;marzo;2026.0;9 94152019 ;Blanca|Chávez|9 94152019| blanca.chavez.gallardo@gmail.com| Los Lagos |Ancud| Punto Blue Express Minimarket La Cuadra Tentadora alerces 754|(es sucursal blue).;Isla de dioses;Fantasia, Romantasy, Dark romance, Spicy, Ciencia Ficción;5 de cada mes;True;True;activa;OK;Envío por blue
Brisa Lobos Zagal ;marzo;2026.0;+56 930271643;punto copec Mulchén Lastarrias 11 mulchen;Siempre fuiste tú;Romance, Romantasy;5 de cada mes;True;True;activa;OK;Envío por blue
Camila Alcorta;marzo;2026.0;971473382;Punto Blue Express francia 2651 tienda mi cielo, VALDIVIA, región de los rioscamila.alcortag@gmail.com;Bestiario;Romance mamón, Romantasy, Thriller, Dark romance, Spicy;5 de cada mes;True;True;activa;OK;Envío por blue
Camila Flores ;marzo;2026.0;;;Collide;;;True;True;activa;OK;
Catherin Díaz;marzo;2026.0;984888334;Catherin Díaz 984888334 ktty.82@hotmail.com metropolitana Peñaflor Tres Norte 2539 casa ;Collide;Fantasia, Romance, Romantasy, Thriller, Historico, Clásicos, Dark romance, Spicy, Distopia, Ciencia Ficción, Autores chilenos;31 de cada mes (o último día del mes);True;True;activa;OK;Envio por paket
Camila Herrera ;marzo;2026.0;975285232;calle el lucero 414, maule (hacienda del maule) | Cami.molk@gmail.com;El señor número desconocido;Fantasia, Romance, Romantasy, Historico, Dark romance, Spicy, Autores chilenos;5 de cada mes;True;True;activa;OK;Envío por blue
Camila Martínez ;marzo;2026.0;+56959388381;camifernanda30@gmail.com,Candelaria,198,El Carmen,San Pedro de Atacama;Verity;Fantasia, Romance, Romantasy, Thriller, Clásicos, Ciencia Ficción;5 de cada mes;True;True;activa;OK;Envío por blue
Camila Osorio;marzo;2026.0;+56956031365 ;mi dirección es: Cristobal Colón 3837, Las Condes. Dpto 106 ;Nada como en las películas;romance;31 de cada mes (o último día del mes);True;False;activa;OK;Envio por paket
Carla Cáceres Reyes ;marzo;2026.0;986959442;Av departamental 4570 depto N504 ;Crucigrama;Fantasia, Romance, Romantasy, Thriller, Clásicos, LGTBQ+, Dark romance, Spicy, Distopia, Ciencia Ficción, Autores chilenos;31 de cada mes (o último día del mes);True;False;activa;OK;Envio por paket
Carla Castro;marzo;2026.0;926235854;Misael Escuti 1454, puerto Montt;Detonante;Fantasia, Romantasy, Thriller, Dark romance, Spicy;5 de cada mes;True;False;activa;OK;Envío por blue
Carmen Gloria Gallardo Mella ;marzo;2026.0;944666836;carmengloriagallardo@gmail.com Séptimo de línea 1009, población San Felipe, V región ;Ugly Love;Romance, Dark romance, Spicy;5 de cada mes;True;True;activa;OK;Envío por blue
CAROLINA BUSTOS;marzo;2026.0;974772556;AVDA. LOS LIBERTADORES 7209, DEPTO J237. CERRILLOS;El convento;Romance, Romantasy, Thriller, Dark romance, Spicy, Autores chilenos;5 de cada mes;True;True;activa;OK;Envio por paket
Carolina Villegas Ravanal;marzo;2026.0;8-5322376;Pje El Verdegal 7041 Villa La Busqueda La Florida;Collide;Fantasia, Romance, Romantasy, Thriller, Dark romance, Spicy;31 de cada mes (o último día del mes);True;True;activa;OK;Envio por paket
Catalina Cortes;marzo;2026.0;936293262;Villa San Esteban, pasaje San Lucas 214, Chillán Viejo Región de Ñuble | caticortes2143@gmail.com;El convento;Fantasia, Romance, Romantasy, Thriller, Dark romance, Spicy, Distopia, Ciencia Ficción, Autores chilenos;5 de cada mes;True;True;activa;OK;Envío por blue
Catalina Martínez Alvarez ;marzo;2026.0;968994018;Talcan 262, maipu (santiago);La bella y la bestia;Fantasia, Romance, Romantasy, Poesía, Clásicos, Dark romance, Spicy, Distopia;5 de cada mes;True;True;activa;OK;Envio por paket
Catalina Pacheco acuña ;marzo;2026.0;958163334;Av 5 de Abril 5334 A estación central ;Las cosas más preciosas;Fantasia, Romance, Romantasy, Historico, Clásicos, Dark romance, Spicy, Distopia, Ciencia Ficción;5 de cada mes;True;True;activa;OK;Envio por paket
Catalina Pardo Guerra;marzo;2026.0;963724136;Britania 1077, Villa Alemana, Valparaíso.;Collide;Fantasia, Romantasy, Dark romance, Spicy, Distopia;31 de cada mes (o último día del mes);True;True;activa;OK;Envio por paket
Catalina Quidenao ;marzo;2026.0;+56956323823;retiro;Una cita en el infierno;Romantasy, Dark romance, Spicy;5 de cada mes;True;False;activa;OK;Retiro en Manuel montt
Catalina Villarroel López ;marzo;2026.0;+56976173218;Catalina Paz Villarroel Lopez 20.006.252-3 Los alerces 2660, depto 806 Ñuñoa Santiago +56976173218;El retorno de Rachel Price;Fantasia, Romance, Romantasy, Thriller, Spicy, Distopia, Ciencia Ficción;31 de cada mes (o último día del mes);True;True;activa;OK;Envio por paket
Cecita;marzo;2026.0;938671606;;Nightshade;Fantasia, Romantasy, Thriller, Historico, Distopia, Ciencia Ficción, Autores chilenos;5 de cada mes;False;False;activa;;Retiro en Manuel montt
Cinthya Cisternas Morales ;marzo;2026.0;990731415;General Bulnes 1203. Dpto.H41. Santiago Centro;Crucigrama;Romance, Dark romance, Spicy;5 de cada mes;True;True;activa;OK;Envio por paket
Claudia Alejandra Martínez Carrillo;marzo;2026.0;941071265;Claudia Martínez Carrillo| 941071265| claudiamc.1089@gmail.com | Cañete| José Miguel Carrera #847,Villa Magisterio;Confesiones;Fantasia, Romance, Romantasy, Thriller, Autores chilenos;31 de cada mes (o último día del mes);True;True;activa;OK;Envío por blue
Claudia Gabrielli;marzo;2026.0;956323842;Bambú cuatro 393 maipu;El señor número desconocido;Fantasia, Romance, Romantasy, Thriller, Dark romance, Spicy;5 de cada mes;True;True;activa;OK;Envio por paket
claudia islas;marzo;2026.0;964834242;Retiro;La novia equivocada;Romance, Romantasy, Dark romance, Spicy;5 de cada mes;True;False;activa;OK;Retiro en Manuel montt
Constanza Cáceres muñoz;marzo;2026.0;965347944;Once de septiembre 127A artificio la Calera ;Canto de tormentos;Fantasia, Romance, Romantasy, Spicy;31 de cada mes (o último día del mes);True;True;activa;OK;Envio por paket
Constanza espinoza ;marzo;2026.0;;;Bestiario;;;True;True;activa;OK;
Constanza Fabiola Astorga Espinozq ;marzo;2026.0;+56945543197;Constanza Astorga | +56945543197 | luvkmddeonu@gmail.com | Metropolitana | Quilicura | Recife #1078;El amor derriba muros;Fantasia, Romance, Romantasy, LGTBQ+, Dark romance, Spicy;31 de cada mes (o último día del mes);True;True;activa;OK;Envio por paket
Constanza Henríquez González;marzo;2026.0;9 8465 2764;Linares 1249, Cerro Navia. Población Irene Belmar.;Confesiones;Fantasia, Romance, Romantasy, Clásicos, LGTBQ+, Dark romance, Spicy, Distopia, Autores chilenos;31 de cada mes (o último día del mes);True;True;activa;OK;Envio por paket
Constanza Mella;marzo;2026.0;+56944022104;Maiquillahue 3950, Puente Alto;Verity;Fantasia, Romantasy, Thriller, Distopia;31 de cada mes (o último día del mes);True;True;activa;OK;Envio por paket
Constanza Muñoz ;marzo;2026.0;977303080;J-415 teno chile. SAN CRISTOBAL SITIO 11 REFERENCIA TENO | Constanzamo39@gmail.com;Confesiones;Fantasia, Romance, Romantasy, Thriller, Clásicos, Dark romance, Spicy, Ciencia Ficción, Autores chilenos;5 de cada mes;True;False;activa;OK;Envío por blue
Cristina Salgado ;marzo;2026.0;981967915;Mariano Egaña 369 Chillan Viejo;Quedará el amor;Fantasia, Romance, Clásicos, Spicy;5 de cada mes;True;True;activa;OK;Envío por blue
Daniela Martínez Colombo;marzo;2026.0;981868530;Agua Santa 2554 Independencia, Región Metropolitana;No Eres mi Alma Gemela;Romance, Romantasy, Thriller, Historico, Spicy, Autores chilenos;5 de cada mes;True;True;activa;OK;Envio por paket
Daniela Quidel;marzo;2026.0;9 9142 5971;PUNTO BLUE Av. Juvencio Ovalle 1564, Nueva Imperial, ARAUCANIA | danielagquidelp@gmail.com;La magia de las casualidades;Romance, Romantasy, Dark romance, Spicy;31 de cada mes (o último día del mes);True;True;activa;OK;Envío por blue
Daniela Saavedra ;marzo;2026.0;+56 9 9658 4394;Rolando Petersen #1607 Casa esquina con soure;Te receto un gato;Fantasia, Romance, Romantasy, Thriller, Dark romance, Spicy;31 de cada mes (o último día del mes);True;True;activa;OK;Envio por paket
Daniela Trespalacios;marzo;2026.0;999494393;Pirineos 2115 - Depto 406 Providencia - Santiago;Cuando el cielo se vuelva amarillo;Fantasia, Romance, Romantasy, Thriller;31 de cada mes (o último día del mes);True;True;activa;OK;Envio por paket
Daniela valdevenito;marzo;2026.0;9 2627 3492;Badén powell #249 belloto quilpue;El color de las cosas invisibles;Dark romance, romantasy y thriller psicologico;5 de cada mes;True;True;activa;OK;Envío por blue
Daniela palacios;marzo;2026.0;942392973;Daniela Gómez Palacios/ 942392973/ danielapalacios0609@gmail.com/atacama/Chañaral/Juan Moroni/661/aeropuerto ;La novia equivocada;Fantasia, Romance, Romantasy, Thriller, Dark romance, Spicy;5 de cada mes;True;False;activa;OK;Envío por blue
darelly lavin;marzo;2026.0;990110138;"Darelly Lavin - 990110138 / darelly63@gmail.com / Región del Maule / Comuna Talca / Calle 19 norte / Casa 933 / referencia: bazar ""FLU"" ";Siempre fuiste tú;Fantasia, Romance, Romantasy, Dark romance, Distopia, Ciencia Ficción;31 de cada mes (o último día del mes);True;False;activa;OK;Envío por blue
Debora Henriquez ;marzo;2026.0;956046170;Nataniel cox 620 una farmacia ahumada dentro del supermercado tottus;Detonante;Fantasia, Romantasy, Clásicos;31 de cada mes (o último día del mes);True;True;activa;OK;Envio por paket
Déborah (Debbie) Cáceres Rodríguez ;marzo;2026.0;+56 9 85330568 ;Pasaje pintor José perotti 4138, el milagro, La Serena;Magia en la calle Navidad;Fantasia, Romance, Romantasy, Thriller, Dark romance, Spicy;31 de cada mes (o último día del mes);True;False;activa;OK;Envío por blue
Denisse lizama;marzo;2026.0;956076330;8 sur 3315  962808037 ElianaLo Espejo;Las cosas más preciosas;Romance, Romantasy, Dark romance, Spicy;31 de cada mes (o último día del mes);True;True;activa;OK;Envio por paket
Deniska Prada ;marzo;2026.0;983588097;Deniska Prada 983588097 pradapdeniska@gmail.com región de Antofagasta comuna calama pasaje Núñez 214, casa e10 condominio valle del inca, por la calle ciega ;Las cosas más preciosas;Fantasia, Romance, Romantasy, LGTBQ+, Dark romance, Spicy, Ciencia Ficción;31 de cada mes (o último día del mes);True;False;activa;OK;Envío por blue
Derly Vanessa Carrillo Cardona ;marzo;2026.0;934553940;san diego 1344 205 oriente Santiago centro;Cuando el cielo se vuelva amarillo;Fantasia, Romance, Romantasy, Dark romance, Spicy;5 de cada mes;True;True;activa;OK;Envio por paket
DORI FARFAN;marzo;2026.0;975383414;Retiro;Amor animal;Fantasia, Romance, Romantasy, Dark romance, Spicy;5 de cada mes;True;True;activa;OK;Retiro en Manuel montt
Elizabeth Osorio ;marzo;2026.0;947064602;Psj corregidor Pedro mariño 6157, Pedro Aguirre cerda, santiago;Te receto un gato;Fantasia, Romance, Dark romance, Spicy;5 de cada mes;True;True;activa;OK;Envio por paket
Elizabeth Troncoso ;marzo;2026.0;+56995009724;19 1/2 sur #216, entre avenida colín y 6 y media poniente, Talca, Región del Maule ;Te receto un gato;Fantasia, Romance, Romantasy, Spicy;5 de cada mes;True;True;activa;OK;Envío por blue
Escarlet Lizana;marzo;2026.0;+56958999737;Av. José Tomás Urmeneta 1107-C, Limache, Valparaíso  | veeandlee.shop@gmail.com;Los secretos del jardín de Odette;Fantasia, Dark romance, Spicy;5 de cada mes;True;True;activa;OK;Envío por blue
Evaluna Godoy ;marzo;2026.0;56994447406;Padre acosta 389-2 cerro Bellavista Valparaíso ;Magia en la calle Navidad;Fantasia, Romantasy, Thriller, Clásicos, Distopia;31 de cada mes (o último día del mes);True;True;activa;OK;Envio por paket
Fabian Gonzalez Vasquez;marzo;2026.0;+56990872362;Calle 124 casa 1051 Peñalolen;Te receto un gato;Fantasia, Romance, Romantasy, Thriller, LGTBQ+, Dark romance, Spicy, Distopia;31 de cada mes (o último día del mes);True;True;activa;OK;Envio por paket
FRANCESCA BUSTAMANTE ;marzo;2026.0;941888004;millan 45 rancagua;No Eres mi Alma Gemela;Fantasia, Romance, Romantasy, Dark romance, Spicy, Autores chilenos;5 de cada mes;True;True;activa;OK;Envio por paket
Francis Andrade;marzo;2026.0;957245618;Francis Andrade Mancilla 957245618 Isla picto 3430 / coyhaique / Fraanandrade29@gmail.com;Magia en la calle Navidad;Fantasia, Romance, Thriller;5 de cada mes;True;True;activa;OK;Envío por blue
Francisca Albornoz Ramirez;marzo;2026.0;964731240;Dirección Toko Llama 2857, region antofagasta, comuna calama, franciscaalbornoz984@gmail.com;Los últimos días de Clayton & Co.;Fantasia, Romance, Romantasy, Thriller, Dark romance, Spicy, Distopia, Ciencia Ficción, Autores chilenos;5 de cada mes;True;True;activa;OK;Envío por blue
Francisca Nuñez;marzo;2026.0;+56957206850;Francisca|Núñez|957206850|fnunezr25@gmailcom|Valparaíso|Quilpué|Lago Budi|3072 casa esquina con reja de madera;Nuestro lugar en el mundo;Fantasia, Romance, Romantasy, Thriller, Dark romance, Spicy;31 de cada mes (o último día del mes);True;True;activa;OK;Envio por paket
Francisca Reyes Bórquez;marzo;2026.0;+569 66540508;Retiro;La magia de las casualidades;Fantasia, Romantasy, Thriller, Historico, Clásicos, Dark romance, Spicy, Distopia, Ciencia Ficción, Autores chilenos, (Por ahora no romance);5 de cada mes;True;True;activa;OK;Retiro en Manuel montt
Francisca Valdes Barrientos stgo;marzo;2026.0;962636019;Los Jardines 65, depto 2003, Ñuñoa;Ugly Love;Fantasia, Romance, Romantasy, Thriller, Dark romance, Spicy, Distopia;5 de cada mes;True;True;activa;OK;Envio por paket
Gabriela Cruz Payacán;marzo;2026.0;+56994502458;Cuadro Verde 140, Torre 10, Depto 128, Condominio Arcadia, Estación Central;El retorno de Rachel Price;Fantasia, Romance, Romantasy, Thriller, Clásicos, Dark romance, Distopia, Ciencia Ficción, Autores chilenos;31 de cada mes (o último día del mes);True;True;activa;OK;Envio por paket
Gabriela Paz Toro Muñoz;marzo;2026.0;+56923917111;Pasaje Cosmos 2882, Maipu;Asesina de dioses;Fantasía / Romantasy / Dark Romance / Spicy / Clásicos;5 de cada mes;True;True;activa;OK;Envio por paket
HAZHEEL JERIA SAMIT ;marzo;2026.0;936961072;jahzeel jeria samit 936061072 hazheelsamit@gmail.com Punto blueexpres coyhaique.  Baquedano 1578 ENVIO EN CONJUNTO CON VANNESA MAULEN;Los últimos días de Clayton & Co.;Thriller;5 de cada mes;True;True;activa;OK;Envío por blue
Isabel Valenzuela;marzo;2026.0;+56983431931;Las Nieves Oriente 2590, casa 11, Puente Alto;Verity;Romance, Thriller, Spicy;31 de cada mes (o último día del mes);True;True;activa;OK;Envio por paket
Isidora Reyes;marzo;2026.0;933522160;;Maxton Hall;Fantasia, Romance, Romantasy, Thriller, LGTBQ+, Dark romance, Spicy, Distopia, Ciencia Ficción;5 de cada mes;True;True;activa;OK;Retiro en Manuel montt
Jael Gomez Rozas;marzo;2026.0;982826432;Calle Los Andes 1478 Chillán, Ñuble;La magia de las casualidades;Romance;31 de cada mes (o último día del mes);True;True;activa;OK;Envío por blue
Javiera Alcántara Díaz;marzo;2026.0;962984664;Javi.alcantara01@gmail.com Aytue, Pasaje 1, Sexta Casa a Mano Izquierda, Chimbarongo;La magia de las casualidades;Fantasia, Romantasy, Thriller, Historico, Clásicos, Distopia, Autores chilenos;5 de cada mes;True;True;activa;OK;Envío por blue
Javiera Mendoza Cresp ;marzo;2026.0;+56964398882;;Diana in Love;Fantasia, Romance, Romantasy, Thriller, Dark romance, Spicy;5 de cada mes;True;True;activa;OK;Retiro en Manuel montt
Javiera Navarrete Fuentes;marzo;2026.0;+56963730522;javiera navarrete fuentes / 18.574.814-6 / Calle Rosas 210, Constitucion. Región del Maule;La princesa encantada;Fantasia, Romantasy, Dark romance, Spicy;5 de cada mes;True;True;activa;OK;Envío por blue
Jennifer Price;marzo;2026.0;972503147;jpricerudd@gmail.com | avenida colin 996 talca punto copec;Detonante;Fantasia, Romance, Romantasy, Thriller, Clásicos, Dark romance, Spicy;5 de cada mes;True;True;activa;OK;Envío por blue
Jessica Soto Sáez ;marzo;2026.0;951248363;Calle Arturo Prat 318 ciudad:Los Andes ;Confesiones;Fantasia, Romance, Dark romance, Distopia;5 de cada mes;True;True;activa;OK;Envío por blue
Johanna Mella;marzo;2026.0;+569942619419;Johanna/Mella/+56942619419/Johanna.mella2@gmail.com/Metropolitana/Maipú/Leonardo da Vinci #4805/;Isla de dioses;Romance, Dark romance, Spicy;5 de cada mes;True;True;activa;OK;Envio por paket
Josnelis hernandez;marzo;2026.0;+56936572346;Pasaje los encomenderos oriente 1094, Puente alto;Maxton Hall;Fantasia, Romance, Romantasy, Thriller, Poesía, Dark romance, Spicy;31 de cada mes (o último día del mes);True;True;activa;OK;Envio por paket
Judith Vargas;marzo;2026.0;+56934454499;Rio yeso 3736 puente alto;Collide;Romance, Thriller, LGTBQ+, Dark romance, Spicy, Autores chilenos;5 de cada mes;True;True;activa;OK;Envio por paket
Karen Llanten Zuñiga ;marzo;2026.0;999169201;Los Perales 213 Quilicura ;Bestiario;Fantasia, Romance, Romantasy, Thriller, Historico, Clásicos, LGTBQ+, Dark romance, Spicy, Distopia, Ciencia Ficción, Autores chilenos;5 de cada mes;True;True;activa;OK;Envio por paket
Karina Castillo ;marzo;2026.0;966165886;correo karinaa.castillodiaz@gmail.com Cardenal raul silva henriquez 1251, coquimbo;Crucigrama;Fantasia, Romance, Romantasy, Thriller, Dark romance, Spicy, Distopia, Ciencia Ficción, Autores chilenos;31 de cada mes (o último día del mes);True;True;activa;OK;Envío por blue
Kassandra Jerez Montoya ;marzo;2026.0;932641811;Plaza las pintoras 895, machalí  | kassandra.jerezm@gmail.com;Cuando el cielo se vuelva amarillo;Fantasia, Romance, Romantasy, Dark romance, Spicy;5 de cada mes;True;True;activa;OK;Envio por paket
Kelly Araneda;marzo;2026.0;9 9055 9390;Ignacio carrera pinto 650 depto E104, Villa Alemana, Región de Valparaíso;Amor animal;Dark romance;5 de cada mes;True;True;activa;OK;Envio por paket
Kerly Padilla;marzo;2026.0;920185542;san petersburgo 6351 depto b1210, san miguel;Juntos en la hoguera;Romance, Romantasy, Poesía, Dark romance, Spicy, Distopia;5 de cada mes;True;True;activa;OK;Envio por paket
Kimberly bugueño;marzo;2026.0;+56965875600;Conde duque 1618, calama, region de antofagasta;Detonante;Fantasia, Romance, Romantasy, Thriller, LGTBQ+, Dark romance, Spicy, Distopia, Ciencia Ficción, Autores chilenos;5 de cada mes;True;True;activa;OK;Envío por blue
Kimberly Hellen Bravo Balladares;marzo;2026.0;959709589;Población Carlos González Calle Obispo Manuel Larraín #430, Maule | kimyhellen2017@gmail.com;La magia de las casualidades;Romance, Romantasy, Dark romance, Spicy;5 de cada mes;True;True;activa;OK;Envío por blue
Kimberly Rodríguez ;marzo;2026.0;974599887;Retiro ;Ugly Love;Romance, Historico, Dark romance, Spicy;5 de cada mes;True;True;activa;OK;Retiro en Manuel montt
Laura Pizarro ;marzo;2026.0;+56 9 59602034;Avenida estación 227 Los vilos, región de coquimbo;La última vez que pienso en ti;Fantasia, Romance, Romantasy, LGTBQ+, Dark romance, Spicy, Distopia;31 de cada mes (o último día del mes);True;True;activa;OK;Envío por blue
Lissette Toloza Gonzalez ;marzo;2026.0;+56991200333;Lizzyausten5@gmail.com|Pasaje 9 casa 355 sexto sector Playa Ancha Valparaiso ;Bestiario;Romance, Thriller, Clásicos, Autores chilenos;31 de cada mes (o último día del mes);True;True;activa;OK;Envío por blue
Loreto Acevedo Vega;marzo;2026.0;+56976188512;Loreto|Acevedo|976188512|loretoacevedo66@gmail.com|Metropolitana|Macul|Santa Cristina|3180|depto 801|;La mesa de los solteros;Fantasia, Romance, Romantasy, Dark romance, Spicy;31 de cada mes (o último día del mes);True;True;activa;OK;Retiro en Manuel montt
Luis Pérez (Danae Martínez);marzo;2026.0;950665888;Pasaje Hispania 290 Villa San Pablo Paine Danae Martínez 19.925.470-7;El retorno de Rachel Price;Romance, Thriller, Dark romance, Spicy;31 de cada mes (o último día del mes);True;True;activa;OK;Envio por paket
Macarena Carrillo Orellana;marzo;2026.0;987170884;Los Mercedarios #81. Villa defensa Nacional. Chillan. Ñuble.;Has llamado a Sam;Romance, Romantasy, Dark romance, Spicy;5 de cada mes;True;True;activa;OK;Envío por blue
Macarena Montoya ;marzo;2026.0;983683478;Los carrera 54, esquina esmeralda población nuevo amanecer yumbel 8region chile ;La magia de las casualidades;Fantasia, Romance, Romantasy, Clásicos, Dark romance, Spicy;31 de cada mes (o último día del mes);True;True;activa;OK;Envío por blue
Macarena Oyanadel Pérez ;marzo;2026.0;+56932474414;;Los dos amores de mi vida;Romance, Romantasy, Thriller, Historico, Dark romance, Spicy;31 de cada mes (o último día del mes);True;True;activa;OK;Retiro en Manuel montt
Macarena Zúñiga ;marzo;2026.0;972501592;Macarena Zúñiga ;Isla de dioses;Fantasia, Romantasy, Thriller, Historico, LGTBQ+, Dark romance, Spicy, Distopia;5 de cada mes;True;True;activa;;Envio por paket
Mackarena Alvarado mundaca ;marzo;2026.0;979148400;Pasaje catemu 3170 (casa esquina con Hijuelas ), Maipú ;El retorno de Rachel Price;Fantasia, Romance, Romantasy, Thriller;31 de cada mes (o último día del mes);True;True;activa;OK;Envio por paket
Maheva López;marzo;2026.0;+569 99059635;RETIRO;Te receto un gato;Fantasia, Romantasy, Historico;5 de cada mes;True;True;activa;OK;Retiro en Manuel montt
Maithe Espina León ;marzo;2026.0;987058044;Pasaje rolecha 15338 San Bernardo;El señor número desconocido;Fantasia, Romance, Romantasy, Dark romance;5 de cada mes;True;True;activa;OK;Envio por paket
Marcela Guerrero Gonzalez ;marzo;2026.0;+56944465302;Avenida costanera 3400, Edificio Barlovento Depto b12, Coquimbo, 4° región: Coquimbo, Chile;Nuestro largo adiós;Romance, Spicy;5 de cada mes;True;True;activa;OK;Envío por blue
Maria Ampuero Morales ;marzo;2026.0;+56 9 3178 1771;Brsilia 1282, villa el sauce, comuna de Padre Hurtado, santiago, región metropolitana ;La magia de las casualidades;Fantasia, Romantasy, Thriller, Clásicos, Dark romance, Spicy, Distopia, Ciencia Ficción, autores chilenos;5 de cada mes;True;True;activa;OK;Envio por paket
María Belén bugueño;marzo;2026.0;992022903;María/Bugueño/9-92022903/m_belen_26@yahoo.cl/Quinta región/Viña del mar/avenida el golf,pasaje teniente Merino,granadilla 1/#48/casa/Miraflores alto;La bella y la bestia;Fantasia, Romantasy, Thriller, Historico, Clásicos, Autores chilenos;31 de cada mes (o último día del mes);True;True;activa;OK;Envio por paket
María José Villablanca ;marzo;2026.0;988265229;mariajose.icq@gmail.com|Punto Blue Express Copec Freire Esq. Amunategui collipulli ;Reina del estío;Fantasia, Romance, Romantasy, Poesía, Clásicos, Distopia;5 de cada mes;True;True;activa;OK;Envío por blue
Maria Paz Ramirez;marzo;2026.0;940320437;San miguel 25, sitio 06. Condominio Sta Maria de Liray. Colina (sector liray);El secreto de las nubes;Fantasia, Romance, Romantasy, Thriller, Historico, Dark romance, Spicy, Ciencia Ficción, Autores chilenos;5 de cada mes;True;True;activa;OK;envio por paket
Maria paz soto;marzo;2026.0;959557411;Maria paz/ soto /959557411/bio bio /cañete / mariqueo 304;El convento;Fantasia, Romance, Romantasy, Dark romance, Spicy, Autores chilenos;31 de cada mes (o último día del mes);True;False;activa;OK;Envío por blue
Mariana ;marzo;2026.0;;;Te receto un gato;;;True;True;activa;;
Marta Alvarado Ramos;marzo;2026.0;946483237;Pedro aguirre cerda 1130, valparaiso;Confesiones;Romance, Romantasy, Dark romance, Spicy;31 de cada mes (o último día del mes);True;True;activa;OK;Envio por paket
Marthina Neira;marzo;2026.0;953475331;Los Alelies 6353,Pedro Aguirre Cerda;Dirty Diana;Fantasia, Romance, Romantasy, Thriller, Clásicos, LGTBQ+, Dark romance, Spicy, Distopia, Ciencia Ficción, Autores chilenos;31 de cada mes (o último día del mes);True;True;activa;OK;Envio por paket
Mayra Lopez;marzo;2026.0;990648060;Pasaje Eduardo Anguita 1974, Colina, Santiago.;Say You Swear;Fantasia, Romantasy, Dark romance, Distopia;5 de cada mes;True;True;activa;OK;Envio por paket
Melanie Thomas;marzo;2026.0;933933872;;Cuando el cielo se vuelva amarillo;Fantasia, Romance, Romantasy, Thriller, Clásicos, Dark romance, Spicy, Distopia, Ciencia Ficción, Autores chilenos;31 de cada mes (o último día del mes);True;True;activa;OK;Retiro en Manuel montt
Millaray Valenzuela Carrasco ;marzo;2026.0;962891106;Millaray Valenzuela +569 62891106 Millarayv840@gmail.com Camino a roa sn puente 7 interior 1200, Minimarket santa carolina, Florida, Concepción, Chile Región Bio Bio;Confesiones;Romance, Spicy;31 de cada mes (o último día del mes);True;True;activa;OK;Envío por blue
montserrat soto lecaros ;marzo;2026.0;988763405;montserrat belen| soto lecaros| 988763405| montserratsotolecaros@gmail.com| valparaiso| villa alemana| los suspiros | 0605| como referencia casa esquina amarilla ;No deberíamos;Romance, Romantasy, Dark romance, Spicy;31 de cada mes (o último día del mes);True;True;activa;OK;Envio por paket
Muriel arancibia castillo ;marzo;2026.0;947454268;RETIRO;Te receto un gato;Fantasia, Romance, Romantasy, Thriller, LGTBQ+, Dark romance, Spicy;31 de cada mes (o último día del mes);True;True;activa;OK;Retiro en Manuel montt
Natalia beroiza;marzo;2026.0;942105130;Natalia beroiza 942105130 Natalia.beroizac@gmail.com metropolitana san bernardo las águilas 782 entrar por los suspiros ;Cuando seas mía;Romantasy, Dark romance, Spicy;31 de cada mes (o último día del mes);True;False;activa;OK;Envio por paket
NATALIA NUNEZ AGUIRRE;marzo;2026.0;995705125;SANTA MARIA 204, RANCAGUA;No deberíamos;Fantasia, Romance, Romantasy, Clásicos, Dark romance, Spicy, Ciencia Ficción;5 de cada mes;True;True;activa;OK;Envio por paket
Nataly Araya Paredes ;marzo;2026.0;964247887;Calle lisboa 1209, san bernardo;El convento;Thriller;31 de cada mes (o último día del mes);True;True;activa;OK;Envio por paket
Nataly rivera;marzo;2026.0;+56967492373;Con volcan Calbuco;La magia de las casualidades;Fantasia, Romance, Romantasy, Thriller, Dark romance, Spicy, Ciencia Ficción, Autores chilenos;5 de cada mes;True;True;activa;OK;Envío por blue
Nathaly Soto ;marzo;2026.0;963713719;Juan de Pineda 8063 Depto 507, comuna la florida ;No deberíamos;Fantasia, Romance, Romantasy, Thriller, Clásicos, Dark romance, Spicy, Ciencia Ficción;5 de cada mes;True;True;activa;OK;Envio por paket
Neldy Montecinos ;marzo;2026.0;976459305;puerto montt 18839, maipu;Bestiario;Fantasia, Romance, Romantasy, Poesía, Clásicos, LGTBQ+, Spicy, Distopia, Ciencia Ficción, Autores chilenos;31 de cada mes (o último día del mes);True;True;activa;pedir cambio;Envio por paket
Nicol Fuentes;marzo;2026.0;962070141;;Los últimos días de Clayton & Co.;Fantasia, Romance, Romantasy, Clásicos, Distopia, Ciencia Ficción, Autores chilenos;31 de cada mes (o último día del mes);True;True;activa;OK;Retiro en Manuel montt
Nicole Inostroza ;marzo;2026.0;946903010;Camino a Cato km 11 | inostroza.1991@gmail.com;Te receto un gato;Fantasia, Romance, Romantasy, Thriller, Historico, Clásicos, Dark romance, Spicy, Ciencia Ficción, Autores chilenos;5 de cada mes;True;True;activa;;Envío por blue
Ninoska Jaque Tobar;marzo;2026.0;990699390;Dirección: José Simón Cañas 4317, Pedro Aguirre Cerda;Magia en la calle Navidad;Fantasia, Romance, Romantasy, Dark romance, Spicy;5 de cada mes;True;True;activa;OK;Envio por paket
Nydia Guerrero;marzo;2026.0;961494415;Gran avenida José Miguel Carrera 4310 depto. 1810 San Miguel;Isla de dioses;Fantasia, Romantasy, Thriller, Dark romance, Distopia;31 de cada mes (o último día del mes);True;True;activa;OK;Envio por paket
Paloma pastenes;marzo;2026.0;992457021;Colihue 670, maipú;Cuando el cielo se vuelva amarillo;Fantasia, Romance, Romantasy, Thriller, Dark romance, Spicy, Ciencia Ficción;5 de cada mes;True;True;activa;OK;Envio por paket
Pamela Tapia;marzo;2026.0;984161448;Victor troncos Muñoz 121 casa 120 Buin ;La magia de las casualidades;Romance, Thriller, Clásicos, Ciencia Ficción;5 de cada mes;True;True;activa;OK;Envio por paket
Paola Palma ;marzo;2026.0;990962078;Paola Palma 990962078 palma.paola2@gmail.com Ñuble San Ignacio Pueblo Seco Los Copihues 87 casa;Isla de dioses;Fantasia, Romance, Romantasy, Thriller, Spicy;5 de cada mes;True;True;activa;OK;Envío por blue
Romina Osses aravena;marzo;2026.0;+56933761880;Romina Osses / 933761880 / Rominaosses06@gmail.com / región metropolitana/ puente alto/lago verdot 727/ entre avenida Chiloé y calle merlot;La novia equivocada;Fantasia, Romance, Poesía, Dark romance, Spicy;5 de cada mes;True;True;activa;OK;Envio por paket
Patricia Jara Lillo;marzo;2026.0;932385263;Conde de manso 1150, dpto G-203, condominio casas patronales, melipilla. ;La novia equivocada;Fantasia, Romance, Romantasy, Thriller, LGTBQ+, Dark romance, Spicy, Distopia, Ciencia Ficción;31 de cada mes (o último día del mes);True;True;activa;OK;Envio por paket
Paula Oviedo Atuntaya;marzo;2026.0;+56 9 8437 7267;Punto Blue Express Copec Av. Argentina 1103 antofagasta | pconstanza.oviedo@gmail.com;El señor número desconocido;Romance (sport,historico,found family), Romantasy (ligero), Dark Romance, Spicy, Distopia;5 de cada mes;True;True;activa;OK;Envío por blue
Paulina Herrera Jerez ;marzo;2026.0;+56 9 3252 6270;Pasaje Mirasol #10130 La Granja, Región Metropolitana;Magia en la calle Navidad;Fantasia, Romance, Romantasy, Thriller, LGTBQ+, Dark romance, Spicy, Distopia;5 de cada mes;True;True;activa;;Envio por paket
Paulina Salazar Bravo ;marzo;2026.0;931998222;Retiro ;El color de las cosas invisibles;Romance, Thriller, Clásicos, Dark romance, Romantasy;5 de cada mes;True;True;activa;OK;Retiro en Manuel montt
Piera Rodriguez ;marzo;2026.0;955153445;José Ignacio López 02772, Jardines del sur, Antofagasta;El convento;Dark romance, Spicy, Thriller;31 de cada mes (o último día del mes);True;True;activa;OK;Envío por blue
Polina tilleria;marzo;2026.0;987935089;quillota 250, viña del mar, departamento 1805b, vive viana 2;Detonante;Thriller, Poesía, Clásicos, Dark romance, Distopia, Ciencia Ficción;31 de cada mes (o último día del mes);True;True;activa;OK;Envio por paket
Priscila Cardenas Vergara ;marzo;2026.0;994465067;priscila.catalinaa@gmail.com  Ancud Chiloé, Villa solidaridad Pasaje Angol 103 ;Pacto electrizante;Fantasia, Romance, Romantasy, Thriller, Clásicos, LGTBQ+, Dark romance, Spicy, Distopia, Ciencia Ficción, Autores chilenos;5 de cada mes;True;True;activa;;Envío por blue
Rayen allendes;marzo;2026.0;+56931860760;Bombero Hugo Olguín 7315 cerrillos;Cuando el cielo se vuelva amarillo;Fantasia, Romance, Romantasy, Thriller, Clásicos, LGTBQ+, Dark romance, Spicy, Distopia, Ciencia Ficción, Autores chilenos;5 de cada mes;True;True;activa;OK;Envio por paket
Romina Silva ;marzo;2026.0;920309612;Romina| Silva|920309612| romi.silva16@gmail.com|aysén|coyhaique|Obispo vielmo 62;Amor animal;Fantasia, Romance, Thriller;5 de cada mes;True;True;activa;OK;Envío por blue
Rosa Moreno ;marzo;2026.0;+56934157330;;El retorno de Rachel Price;Fantasia, Romance, Romantasy, Thriller, Dark romance, Spicy;5 de cada mes;True;True;activa;OK;Retiro en Manuel montt
Sasha Rodríguez;marzo;2026.0;995922866;Fernandez Albano #161 depto 1113 la cisterna;El retorno de Rachel Price;Fantasia, Romance, Romantasy, Thriller, LGTBQ+, Dark romance, Spicy, Autores chilenos;5 de cada mes;True;True;activa;OK;Envio por paket
Scarleth Soto;marzo;2026.0;986437013;punto blue  Balmaceda 1629 Temuco, Chile;Una cita en el infierno;Romance, Romantasy, Poesía, Clásicos, LGTBQ+, Spicy;31 de cada mes (o último día del mes);True;True;activa;OK;Envío por blue
Scarleth Vargas ;marzo;2026.0;+56942559249;Avenida General San Martín 305, Valle Grande, Lampa;La magia de las casualidades;Romance, Spicy;31 de cada mes (o último día del mes);True;True;activa;OK;Envio por paket
Scarlett Troncoso;marzo;2026.0;56949318157;;El señor número desconocido;Romance, Romantasy, Dark romance, Spicy;5 de cada mes;True;True;activa;OK;Retiro en Manuel montt
Sheyla Robles Santander;marzo;2026.0;930683956;sheyla.robles@gmail.com|El Roble #211, ovalle ;Cuando el cielo se vuelva amarillo;Fantasia, Romance, Romantasy, Dark romance, Spicy;31 de cada mes (o último día del mes);True;True;activa;OK;Envío por blue
Silvana Núñez ;marzo;2026.0;+56984480347;;Asesina de dioses;Fantasia, Romance, Romantasy, Thriller, Dark romance;31 de cada mes (o último día del mes);True;True;activa;OK;Retiro en Manuel montt
Sofía sanchez;marzo;2026.0;+56949200651;Sofía Sanchéz,  +56949200651, sofingetalianchi@gmail.com, Biobio, Coronel, calle gabriela mistral 1109 (esperanza unida), casa de dos pisos con negocio  ;Amor animal;Fantasia, Romantasy, Dark romance, Spicy, Distopia, Ciencia Ficción;5 de cada mes;True;True;activa;;Envío por blue
Solange Bascuñan;marzo;2026.0;972493845;Amalindo beiza fuentes 2820. Comuna de Colina ;El retorno de Rachel Price;Fantasia, Romance, Romantasy, Thriller, Spicy;31 de cada mes (o último día del mes);True;True;activa;OK;Envio por paket
Soledad Espinoza;marzo;2026.0;993391219;sespinozachamorro@gmail.com | Oficina tricolor 232 portada del norte 2 , antofagasta;Las sirenas;Fantasia, Romantasy, Thriller, Spicy, Ciencia Ficción, Autores chilenos, (STOP Romance y asiaticos);5 de cada mes;True;True;activa;OK;Envío por blue
Rocío Sabella Calderón ;marzo;2026.0;954582579;Retiro;Las sirenas;Fantasia, Romance, Romantasy, Dark romance, Spicy;5 de cada mes;True;True;activa;OK;Retiro en Manuel montt
Stephanie Hernández Ospina ;marzo;2026.0;990758433;Stephanie Hernández Ospina /9 90758433 /shernandez.soluciones@gmail.com/ belisario prats1460 depto.1102A/comjna independencia ;La mesa de los solteros;Fantasia, Romance, Romantasy, Thriller, Clásicos, Dark romance, Spicy, Distopia, Ciencia Ficción, Autores chilenos;31 de cada mes (o último día del mes);True;True;activa;OK;Retiro en Manuel montt
Stefanía Carrasco;marzo;2026.0;+56982533062;Calle O'Higgins Nro. 116, Valdivia, (Como referencia: Edificio, antes de Carlos Adwanter)Región de Los Ríos. ;Confesiones;Fantasia, Romance, Romantasy, Dark romance, Spicy;31 de cada mes (o último día del mes);True;True;activa;OK;Envío por blue
Susana Abigail Muñoz Vera;marzo;2026.0;984544094;CHACABUCO 210, VALDIVIA, Región de Los Ríos. Nombre: Susana Muñoz Vera, 17.742.967-8, 984544094;Collide;Romance, Romantasy, LGTBQ+, Dark romance, Spicy;31 de cada mes (o último día del mes);True;True;activa;OK;Envío por blue
Tamara Aguilera Contreras ;marzo;2026.0;;;Dirty Diana;;;True;True;activa;OK;
Tatiana Vejar Diaz;marzo;2026.0;9 63306403;tatiana.vejar.diaz@gmail.com|Calle las Dalias 665, Villa el Mirador, Comuna Lautaro, Novena región;Nuestro largo adiós;Fantasia, Romance, Romantasy, Dark romance, Spicy;31 de cada mes (o último día del mes);True;True;activa;OK;Envío por blue
Valentina Escobar Martínez ;marzo;2026.0;944838412;Valentina Escobar Martínez 944838412 alejandramartini0707@gmail.com  Metropolitana  pasaje la pedrera oriente 1078 puente alto ;La magia de las casualidades;Romance, Romantasy, Dark romance, Spicy;5 de cada mes;True;True;activa;OK;Envio por paket
VALENTINA HURTADO;marzo;2026.0;962327369;Angamos 8379, la cisterna;Say You Swear;Romance, Romantasy, Dark romance, Spicy;5 de cada mes;True;True;activa;OK;Envio por paket
Valentina Mora;marzo;2026.0;944096394;Los Cipreses 12461, comuna El Bosque. Region metropolitana.;Canto de tormentos;Fantasia, Romantasy, Dark romance, Spicy;5 de cada mes;True;True;activa;OK;Envio por paket
Valentina Suarez Castillo;marzo;2026.0;998917524;Nombre: Valentina Suarez Castillo  Dirección: Prolongacion solidaridad 987  Ciudad: Chillan Comuna:Chillan viejo Telefono: 998917524 Email: valentinabeatrizsc99@gmail.com;La asesina del rey;Fantasia, Romance, Romantasy, LGTBQ+, Dark romance, Spicy;31 de cada mes (o último día del mes);True;True;activa;OK;Envío por blue
Valentina Suarez Ruiz ;marzo;2026.0;932881791;Avenida Detective Jose Cubillos Rivera 3387, Alto Hospicio Balentina.belen.23@gmail.com;La mesa de los solteros;Fantasia, Romance, Romantasy, Dark romance, Spicy, Distopia;5 de cada mes;True;True;activa;OK;Envío por blue
Valentina Villanueva Olivero ;marzo;2026.0;+56 9 37198324;Pasaje Calle Calle #363, Quilicura, Santiago;La princesa encantada;Fantasia, Romance, Romantasy, Dark romance, Spicy;5 de cada mes;True;True;activa;OK;Envio por paket
Valeria Torres Fuentes;marzo;2026.0;+56 9 95797452;El Olmo 5, N° 7651, La Reina;Detonante;Fantasia, Thriller, Dark romance, Distopia;31 de cada mes (o último día del mes);True;True;activa;OK;Envio por paket
VALESKA RIQUELME ;marzo;2026.0;974887191;Pasaje 2 casa 444 Villa Los Lirios Manzanal Rancagua;El amor derriba muros;Romance, Romantasy, Thriller, Dark romance, Spicy;5 de cada mes;True;True;activa;OK;Envio por paket
vanesa maulen zanga;marzo;2026.0;930877331;jahzeel jeria samit 936061072 hazheelsamit@gmail.com Punto blueexpres coyhaique.  Baquedano 1578 ENVIO EN CONJUNTO CON VANNESA MAULEN;Una nueva oportunidad;Fantasia, Romance, Romantasy, Dark romance, Distopia;5 de cada mes;True;True;activa;;Envío por blue
Vanessa Mateluna Mancisidor ;marzo;2026.0;+56932661123 ;Novena 1131, placilla valparaiso ;Asesina de dioses;Fantasia, Romance, Romantasy, Clásicos, Dark romance, Spicy, Ciencia Ficción, Autores chilenos;5 de cada mes;True;True;activa;OK;Envio por paket
Victoria Pedraza;marzo;2026.0;+56972405325;Aeropuerto 166, Estación Central;Llévame a cualquier lugar;Fantasia, Romance, Romantasy, Thriller, Historico, Dark romance, Spicy, Distopia, Ciencia Ficción, Autores chilenos;5 de cada mes;True;True;activa;OK;Envio por paket
Yanet Alejandra Orellana Troncoso;marzo;2026.0;+56999260201;Yanet Orellana | 999260201 | yanetalejandra898@gmail.com | Valparaíso | San Antonio | Jerusalén 1409 Bellavista brasil | casa esquina segundo piso, frente a feria mayorista ;El retorno de Rachel Price;Fantasia, Romance, Romantasy, Thriller, Dark romance, Spicy, Distopia, Ciencia Ficción;5 de cada mes;True;True;activa;OK;Envío por blue
Yanira Mejías Reyes;marzo;2026.0;+569 89170647;Millao 422 Santa Cruz | ymejiasr@gmail.com;Te receto un gato;Romantasy, Thriller;31 de cada mes (o último día del mes);True;True;activa;OK;Envío por blue
Yhiliand Baeza Crisóstomo;marzo;2026.0;983104171;calle baquedano 1293 paillaco, región de los ríos;Pabellón 57;Fantasia, Romance, Romantasy, Thriller, Dark romance, Spicy;31 de cada mes (o último día del mes);True;True;activa;;Envío por blue
Zuleidy Gómez ;marzo;2026.0;921661012;Zuleidy|Gomez|921661012|zuleidylis@gmail.com|embalse la palma 5907|peñalolen|casa esquina;Pacto electrizante;Fantasia, Romance, Romantasy, Dark romance, Spicy, Thriller psicológico, NO literatura asiática;5 de cada mes;True;False;activa;OK;Envio por paket
Zunilda duran;marzo;2026.0;922291361;Zunilda Durán 922291361 duranzunilda06@gmail.com Araucanía Temuco bernardo o Higgins 333 Nissan Portillo sur trabajo administración ;Magia en la calle Navidad;Fantasia, Romance, Romantasy, Dark romance;31 de cada mes (o último día del mes);True;True;activa;OK;Envío por blue
Aileen Pincheira ;abril;2026.0;966502070;Aileen|Pincheira|966502070|aileen.vpm93@gmail.com|Región Metropolitana|Maipú|Marco Antonio|16767;Cuando el cielo se vuelva amarillo;Fantasia, Romance, Romantasy, Thriller, Dark romance, Spicy, Distopia;5 de cada mes;True;True;activa;OK;Envio por paket
Alvaro Martinez ;abril;2026.0;942365556;Alvaro Martinez/ 942365556/ martinezolavealvaro@gmail.com/ metropolitana/ lo espejo/ México 2179;Máscara de gato;Fantasia, Romance, Romantasy, Dark romance, Spicy, Ciencia Ficción;5 de cada mes;True;False;activa;OK;Envio por paket
Almendra campusano ;abril;2026.0;+56935038361;Ramón Barros Luco, 056 STGO BUIN ;El día que dejó de nevar en Alaska;Fantasia, Romance, Romantasy, Thriller, Historico, Clásicos, Dark romance, Spicy, Distopia, Ciencia Ficción;5 de cada mes;True;True;activa;OK;Envio por paket
Amanda Castillo;abril;2026.0;944499029;Santa Teresa 1874, Huechuraba;La mecánica del amor;Fantasia, Romance, Romantasy, Thriller, Clásicos, Dark romance, Spicy, Distopia, Ciencia Ficción. Libros conocidos en tiktok,ig;5 de cada mes;True;True;activa;OK;Envio por paket
Ana Pereira Rusque;abril;2026.0;968592139;Pasaje 13 #439 nueva peñaflor. Comuna Peñaflor.;Alas de estrella;Fantasia, Romance, Romantasy, Thriller, LGTBQ+, Dark romance, Spicy;31 de cada mes (o último día del mes);True;True;activa;OK;Envio por paket
Anahi Barcena;abril;2026.0;56965385688;Anahi Barcena Saavedra - avenida Circunvalacion 174 Poblacion Alfredo Lorca - Punta Arenas | Anhybarcena@gmail.com ;El día que dejó de nevar en Alaska;Fantasia, Romance, Clásicos;5 de cada mes;True;True;activa;ETIQUETA LISTA;Envío por blue
Annais Sandoval;abril;2026.0;+569 5437 2607;"Av. Walker Martinez 1000, la florida
Dpto 111, torre B";Antes de verte;Fantasia, Romance, Romantasy, Thriller, Clásicos, Dark romance, Spicy, Distopia, Ciencia Ficción;5 de cada mes;True;True;activa;OK;Envio por paket
Antonia Pavez;abril;2026.0;953240040;Avenida Miguel letelier parcela 7 ruta G546 pintué Comuna de paine Referencia: almacén la aguilina;Delirio encantador;Fantasia, Romantasy, LGTBQ+, Spicy, Distopia;5 de cada mes;True;False;activa;OK;Envio por paket
Arantza Valentina Tobar Trengove;abril;2026.0;+56966260420;retiro;Donde mora la oscuridad;Fantasia, Romance, Romantasy, Thriller, Dark romance, Spicy, Distopia;31 de cada mes (o último día del mes);True;False;activa;OK;Retiro en Manuel montt
Barbara Vasquez Olguin;abril;2026.0;+56978570169;Punto blue express manuel rodriguez 725 chiguayante;La mecánica del amor;Fantasia, Romance, Romantasy, Historico, Clásicos, LGTBQ+, Dark romance, Spicy, Distopia, Autores chilenos;5 de cada mes;True;True;activa;ETIQUETA LISTA;Envío por blue
Beatriz Fuenzalida;abril;2026.0;991307408;Nombre: Beatriz Fuenzalida/ RUT: 18803298-2/ Dirección: Bernardino 1978, Puerto Montt /Telefono:991307408;Gaijin;Fantasia, Romantasy, Thriller, Dark romance, Distopia, Autores chilenos;31 de cada mes (o último día del mes);True;False;activa;OK;Envío por blue
Blanca Chávez;abril;2026.0;9 94152019 ;Blanca|Chávez|9 94152019| blanca.chavez.gallardo@gmail.com| Los Lagos |Ancud| Punto Blue Express Minimarket La Cuadra Tentadora alerces 754|(es sucursal blue).;Bienvenidos a la librería;Fantasia, Romantasy, Dark romance, Spicy, Ciencia Ficción;5 de cada mes;True;True;activa;ETIQUETA LISTA;Envío por blue
Brisa Lobos Zagal ;abril;2026.0;+56 930271643;punto copec Mulchén Lastarrias 11 mulchen;Delirio encantador;Romance, Romantasy;5 de cada mes;True;True;activa;ETIQUETA LISTA;Envío por blue
Camila Alcorta;abril;2026.0;971473382;Punto Blue Express francia 2651 tienda mi cielo, VALDIVIA, región de los rioscamila.alcortag@gmail.com;Antes de verte;Romance mamón, Romantasy, Thriller, Dark romance, Spicy;5 de cada mes;True;True;activa;ETIQUETA LISTA;Envío por blue
Camila Flores ;abril;2026.0;;;El día que dejó de nevar en Alaska;;;True;False;activa;OK;
Camila Herrera ;abril;2026.0;975285232;calle el lucero 414, maule (hacienda del maule) | Cami.molk@gmail.com;No Eres mi Alma Gemela;Fantasia, Romance, Romantasy, Historico, Dark romance, Spicy, Autores chilenos;5 de cada mes;True;False;activa;OK;Envío por blue
Carla Cáceres Reyes ;abril;2026.0;986959442;Av departamental 4570 depto N504 ;Antes de verte;Fantasia, Romance, Romantasy, Thriller, Clásicos, LGTBQ+, Dark romance, Spicy, Distopia, Ciencia Ficción, Autores chilenos;31 de cada mes (o último día del mes);True;True;activa;OK;Envio por paket
Carmen Gloria Gallardo Mella ;abril;2026.0;944666836;carmengloriagallardo@gmail.com Séptimo de línea 1009, población San Felipe, V región ;La mesa de los solteros;Romance, Dark romance, Spicy;5 de cada mes;True;True;activa;ETIQUETA LISTA;Envío por blue
CAROLINA BUSTOS;abril;2026.0;974772556;AVDA. LOS LIBERTADORES 7209, DEPTO J237. CERRILLOS;Gaijin;Romance, Romantasy, Thriller, Dark romance, Spicy, Autores chilenos;5 de cada mes;True;True;activa;OK;Envio por paket
Carolina Ledezma García ;abril;2026.0;964653935;Carolina Ledezma García | 964653935| Carolina.ivon1234@gmail.com|región de Coquimbo| comuna de Coquimbo| pasaje Octavio Paz 1381| Tierras Blancas ;Máscara de gato;Fantasia, Romance, Romantasy, Thriller, Historico, Poesía, Clásicos, LGTBQ+, Dark romance, Spicy, Distopia, Ciencia Ficción, Autores chilenos;31 de cada mes (o último día del mes);True;False;activa;OK;Envío por blue
Carolina Villegas Ravanal;abril;2026.0;8-5322376;Pje El Verdegal 7041 Villa La Busqueda La Florida;Josh y Hazel: Guía para el fracaso amoroso;Fantasia, Romance, Romantasy, Thriller, Dark romance, Spicy;31 de cada mes (o último día del mes);True;True;activa;OK;Envio por paket
Catalina Martínez Alvarez ;abril;2026.0;968994018;Talcan 262, maipu (santiago);Antes de verte;Fantasia, Romance, Romantasy, Poesía, Clásicos, Dark romance, Spicy, Distopia;5 de cada mes;True;True;activa;OK;Envio por paket
Catalina Pacheco acuña ;abril;2026.0;958163334;Av 5 de Abril 5334 A estación central ;Gaijin;Fantasia, Romance, Romantasy, Historico, Clásicos, Dark romance, Spicy, Distopia, Ciencia Ficción;5 de cada mes;True;True;activa;OK;Envio por paket
Catalina Pardo Guerra;abril;2026.0;963724136;Britania 1077, Villa Alemana, Valparaíso.;Donde mora la oscuridad;Fantasia, Romantasy, Dark romance, Spicy, Distopia;31 de cada mes (o último día del mes);True;False;activa;OK;Envio por paket
Catalina Quidenao ;abril;2026.0;+56956323823;retiro;Encantamiento frágil;Romantasy, Dark romance, Spicy;5 de cada mes;True;False;activa;OK;Retiro en Manuel montt
Catalina Villarroel López ;abril;2026.0;+56976173218;Catalina Paz Villarroel Lopez 20.006.252-3 Los alerces 2660, depto 806 Ñuñoa Santiago +56976173218;Alas de estrella;Fantasia, Romance, Romantasy, Thriller, Spicy, Distopia, Ciencia Ficción;31 de cada mes (o último día del mes);True;True;activa;OK;Envio por paket
Catherin Díaz;abril;2026.0;984888334;Catherin Díaz 984888334 ktty.82@hotmail.com metropolitana Peñaflor Tres Norte 2539 casa ;El día que dejó de nevar en Alaska;Fantasia, Romance, Romantasy, Thriller, Historico, Clásicos, Dark romance, Spicy, Distopia, Ciencia Ficción, Autores chilenos;31 de cada mes (o último día del mes);True;True;activa;OK;Envio por paket
Cecita;abril;2026.0;938671606;;;Fantasia, Romantasy, Thriller, Historico, Distopia, Ciencia Ficción, Autores chilenos;5 de cada mes;False;False;activa;;Retiro en Manuel montt
Cinthya Cisternas Morales ;abril;2026.0;990731415;General Bulnes 1203. Dpto.H41. Santiago Centro;Diana in Love;Romance, Dark romance, Spicy;5 de cada mes;True;True;activa;OK;Envio por paket
Claudia Alejandra Martínez Carrillo;abril;2026.0;941071265;Claudia Martínez Carrillo| 941071265| claudiamc.1089@gmail.com | Cañete| José Miguel Carrera #847,Villa Magisterio;Bienvenidos a la librería;Fantasia, Romance, Romantasy, Thriller, Autores chilenos;31 de cada mes (o último día del mes);True;True;activa;ETIQUETA LISTA;Envío por blue
Claudia Gabrielli;abril;2026.0;956323842;Bambú cuatro 393 maipu;Josh y Hazel: Guía para el fracaso amoroso;Fantasia, Romance, Romantasy, Thriller, Dark romance, Spicy;5 de cada mes;True;True;activa;OK;Envio por paket
Constanza Cáceres muñoz;abril;2026.0;965347944;Once de septiembre 127A artificio la Calera ;Bienvenidos a la librería;Fantasia, Romance, Romantasy, Spicy;31 de cada mes (o último día del mes);True;True;activa;OK;Envio por paket
Constanza espinoza ;abril;2026.0;;;Querido vecino;;;True;False;activa;OK;
Constanza Fabiola Astorga Espinozq ;abril;2026.0;+56945543197;Constanza Astorga | +56945543197 | luvkmddeonu@gmail.com | Metropolitana | Quilicura | Recife #1078;El misterio de la lavandería;Fantasia, Romance, Romantasy, LGTBQ+, Dark romance, Spicy;31 de cada mes (o último día del mes);True;True;activa;OK;Envio por paket
Constanza Henríquez González;abril;2026.0;9 8465 2764;Linares 1249, Cerro Navia. Población Irene Belmar.;La mecánica del amor;Fantasia, Romance, Romantasy, Clásicos, LGTBQ+, Dark romance, Spicy, Distopia, Autores chilenos;31 de cada mes (o último día del mes);True;True;activa;OK;Envio por paket
Constanza Mella;abril;2026.0;+56944022104;Maiquillahue 3950, Puente Alto;Crucigrama;Fantasia, Romantasy, Thriller, Distopia;31 de cada mes (o último día del mes);True;True;activa;OK;Envio por paket
Constanza Muñoz ;abril;2026.0;977303080;J-415 teno chile. SAN CRISTOBAL SITIO 11 REFERENCIA TENO | Constanzamo39@gmail.com;Cuando el cielo se vuelva amarillo;Fantasia, Romance, Romantasy, Thriller, Clásicos, Dark romance, Spicy, Ciencia Ficción, Autores chilenos;5 de cada mes;True;False;activa;OK;Envío por blue
Cristina Salgado ;abril;2026.0;981967915;Mariano Egaña 369 Chillan Viejo;Bienvenidos a la librería;Fantasia, Romance, Clásicos, Spicy;5 de cada mes;True;False;activa;OK;Envío por blue
Cynthia Riquelme;abril;2026.0;973531914;Cynthia.magdalena1996@gmail.com, Lazareto 7, Chillán. Region de ñuble;Bienvenidos a la librería;Fantasia, Romance, Romantasy, Clásicos, Dark romance, Spicy, Ciencia Ficción, Autores chilenos;31 de cada mes (o último día del mes);True;True;activa;ETIQUETA LISTA;Envío por blue
Daniela Martínez Colombo;abril;2026.0;981868530;Agua Santa 2554 Independencia, Región Metropolitana;La mecánica del amor;Romance, Romantasy, Thriller, Historico, Spicy, Autores chilenos;5 de cada mes;True;True;activa;OK;Envio por paket
Daniela Quidel;abril;2026.0;9 9142 5971;PUNTO BLUE Av. Juvencio Ovalle 1564, Nueva Imperial, ARAUCANIA | danielagquidelp@gmail.com;Querido vecino;Romance, Romantasy, Dark romance, Spicy;31 de cada mes (o último día del mes);True;True;activa;ETIQUETA LISTA;Envío por blue
Daniela Saavedra ;abril;2026.0;+56 9 9658 4394;Rolando Petersen #1607 Casa esquina con soure;Gaijin;Fantasia, Romance, Romantasy, Thriller, Dark romance, Spicy;31 de cada mes (o último día del mes);True;True;activa;OK;Envio por paket
Daniela Trespalacios;abril;2026.0;999494393;Pirineos 2115 - Depto 406 Providencia - Santiago;Querido vecino;Fantasia, Romance, Romantasy, Thriller;31 de cada mes (o último día del mes);True;True;activa;OK;Envio por paket
Daniela valdevenito;abril;2026.0;9 2627 3492;Badén powell #249 belloto quilpue;Bienvenidos a la librería;Dark romance, romantasy y thriller psicologico;5 de cada mes;True;True;activa;ETIQUETA LISTA;Envío por blue
darelly lavin;abril;2026.0;990110138;"Darelly Lavin - 990110138 / darelly63@gmail.com / Región del Maule / Comuna Talca / Calle 19 norte / Casa 933 / referencia: bazar ""FLU"" ";Guardianes. Los condenados;Fantasia, Romance, Romantasy, Dark romance, Distopia, Ciencia Ficción;31 de cada mes (o último día del mes);True;False;activa;OK;Envío por blue
Debora Henriquez;abril;2026.0;956046170;Nataniel cox 620 (una farmacia ahimada dentro del supermemrcado tottus) stgo centro;Bienvenidos a la librería;Fantasia, Romance, Romantasy, Historico;31 de cada mes (o último día del mes);True;False;activa;OK;Envio por paket
Deniska Prada ;abril;2026.0;983588097;Deniska Prada 983588097 pradapdeniska@gmail.com región de Antofagasta comuna calama pasaje Núñez 214, casa e10 condominio valle del inca, por la calle ciega ;El día que dejó de nevar en Alaska;Fantasia, Romance, Romantasy, LGTBQ+, Dark romance, Spicy, Ciencia Ficción;31 de cada mes (o último día del mes);True;False;activa;OK;Envío por blue
Denisse lizama;abril;2026.0;956076330;8 sur 3315  962808037 ElianaLo Espejo;Cuando el cielo se vuelva amarillo;Romance, Romantasy, Dark romance, Spicy;31 de cada mes (o último día del mes);True;True;activa;OK;Envio por paket
Derly Vanessa Carrillo Cardona ;abril;2026.0;934553940;san diego 1344 205 oriente Santiago centro;La librería de los viernes;Fantasia, Romance, Romantasy, Dark romance, Spicy;5 de cada mes;True;True;activa;OK;Envio por paket
DORI FARFAN;abril;2026.0;975383414;Retiro;Querido vecino;Fantasia, Romance, Romantasy, Dark romance, Spicy;5 de cada mes;True;False;activa;OK;Retiro en Manuel montt
Evaluna Godoy ;abril;2026.0;56994447406;Padre acosta 389-2 cerro Bellavista Valparaíso ;Bienvenidos a la librería;Fantasia, Romantasy, Thriller, Clásicos, Distopia;31 de cada mes (o último día del mes);True;True;activa;OK;Envio por paket
Fabian Gonzalez Vasquez;abril;2026.0;+56990872362;Calle 124 casa 1051 Peñalolen;Bienvenidos a la librería;Fantasia, Romance, Romantasy, Thriller, LGTBQ+, Dark romance, Spicy, Distopia;31 de cada mes (o último día del mes);True;True;activa;OK;Envio por paket
FRANCESCA BUSTAMANTE ;abril;2026.0;941888004;millan 45 rancagua;La mecánica del amor;Fantasia, Romance, Romantasy, Dark romance, Spicy, Autores chilenos;5 de cada mes;True;True;activa;OK;Envio por paket
Francisca Flores;abril;2026.0;+56969188061;Francisca | Flores | +56969188061 | floresrojasfrancisca4@gmail.com | RM | Providencia | Manuel Montt | 1920 | 302 ;La mesa de los solteros;thriller y suspenso, misterio, terror y horror, romance y fantasía;5 de cada mes;True;True;activa;OK;Retiro en Manuel montt
Francis Andrade;abril;2026.0;957245618;Francis Andrade Mancilla 957245618 Isla picto 3430 / coyhaique / Fraanandrade29@gmail.com;La mecánica del amor;Fantasia, Romance, Thriller;5 de cada mes;True;False;activa;OK;Envío por blue
Francisca Albornoz Ramirez;abril;2026.0;964731240;Dirección Toko Llama 2857, region antofagasta, comuna calama, franciscaalbornoz984@gmail.com;Máscara de gato;Fantasia, Romance, Romantasy, Thriller, Dark romance, Spicy, Distopia, Ciencia Ficción, Autores chilenos;5 de cada mes;True;False;activa;OK;Envío por blue
Francisca Nuñez;abril;2026.0;+56957206850;Francisca|Núñez|957206850|fnunezr25@gmailcom|Valparaíso|Quilpué|Lago Budi|3072 casa esquina con reja de madera;Alas de estrella;Fantasia, Romance, Romantasy, Thriller, Dark romance, Spicy;31 de cada mes (o último día del mes);True;True;activa;OK;Envio por paket
Francisca Reyes Bórquez;abril;2026.0;+569 66540508;Retiro;Querido vecino;Fantasia, Romantasy, Thriller, Historico, Clásicos, Dark romance, Spicy, Distopia, Ciencia Ficción, Autores chilenos, (Por ahora no romance);5 de cada mes;True;False;activa;OK;Retiro en Manuel montt
Francisca Valdes Barrientos stgo;abril;2026.0;962636019;Los Jardines 65, depto 2003, Ñuñoa;Josh y Hazel: Guía para el fracaso amoroso;Fantasia, Romance, Romantasy, Thriller, Dark romance, Spicy, Distopia;5 de cada mes;True;True;activa;OK;Envio por paket
Gabriela Cruz Payacán;abril;2026.0;+56994502458;Cuadro Verde 140, Torre 10, Depto 128, Condominio Arcadia, Estación Central;Josh y Hazel: Guía para el fracaso amoroso;Fantasia, Romance, Romantasy, Thriller, Clásicos, Dark romance, Distopia, Ciencia Ficción, Autores chilenos;31 de cada mes (o último día del mes);True;True;activa;OK;Envio por paket
Gabriela Paz Toro Muñoz;abril;2026.0;+56923917111;Pasaje Cosmos 2882, Maipu;El misterio de la lavandería;Fantasía / Romantasy / Dark Romance / Spicy / Clásicos;5 de cada mes;True;True;activa;OK;Envio por paket
HAZHEEL JERIA SAMIT ;abril;2026.0;936961072;jahzeel jeria samit 936061072 hazheelsamit@gmail.com Punto blueexpres coyhaique.  Baquedano 1578 ENVIO EN CONJUNTO CON VANNESA MAULEN;Los brujos del fin del mundo;Thriller;5 de cada mes;True;True;activa;OK;Envío por blue
Isabel Valenzuela;abril;2026.0;+56983431931;Las Nieves Oriente 2590, casa 11, Puente Alto;El retorno de Rachel Price;Romance, Thriller, Spicy;31 de cada mes (o último día del mes);True;True;activa;OK;Envio por paket
Isidora Reyes;abril;2026.0;933522160;;Pacto electrizante;Fantasia, Romance, Romantasy, Thriller, LGTBQ+, Dark romance, Spicy, Distopia, Ciencia Ficción;5 de cada mes;True;False;activa;OK;Retiro en Manuel montt
Jael Gomez Rozas;abril;2026.0;982826432;Calle Los Andes 1478 Chillán, Ñuble;El día que dejó de nevar en Alaska;Romance;31 de cada mes (o último día del mes);True;False;activa;OK;Envío por blue
Javiera Alcántara Díaz;abril;2026.0;962984664;Javi.alcantara01@gmail.com Aytue, Pasaje 1, Sexta Casa a Mano Izquierda, Chimbarongo;Cuando el cielo se vuelva amarillo;Fantasia, Romantasy, Thriller, Historico, Clásicos, Distopia, Autores chilenos;5 de cada mes;True;True;activa;ETIQUETA LISTA;Envío por blue
Javiera Mendoza Cresp ;abril;2026.0;+56964398882;;Querido vecino;Fantasia, Romance, Romantasy, Thriller, Dark romance, Spicy;5 de cada mes;True;False;activa;OK;Retiro en Manuel montt
Javiera Navarrete Fuentes;abril;2026.0;+56963730522;javiera navarrete fuentes / 18.574.814-6 / Calle Rosas 210, Constitucion. Región del Maule;Delirio encantador;Fantasia, Romantasy, Dark romance, Spicy;5 de cada mes;True;False;activa;OK;Envío por blue
Jennifer Price;abril;2026.0;972503147;jpricerudd@gmail.com | avenida colin 996 talca punto copec;Pacto electrizante;Fantasia, Romance, Romantasy, Thriller, Clásicos, Dark romance, Spicy;5 de cada mes;True;True;activa;ETIQUETA LISTA;Envío por blue
Jessica Soto Sáez ;abril;2026.0;951248363;Calle Arturo Prat 318 ciudad:Los Andes ;Máscara de gato;Fantasia, Romance, Dark romance, Distopia;5 de cada mes;True;False;activa;OK;Envío por blue
Johanna Mella;abril;2026.0;+569942619419;Johanna/Mella/+56942619419/Johanna.mella2@gmail.com/Metropolitana/Maipú/Leonardo da Vinci #4805/;Deseos peligrosos;Romance, Dark romance, Spicy;5 de cada mes;True;True;activa;OK;Envio por paket
Josefina Salgado;abril;2026.0;930271505;"Josefina Salgado +56930271505 salgado.josefina1204@gmail.com Vicuña Mackenna 3, Depto 1403; providencia";Querido vecino;Fantasia, Romantasy, Dark romance;31 de cada mes (o último día del mes);True;True;activa;OK;Envio por paket
Joyce Herrera Stecher;abril;2026.0;940968937;Joyce Herrera Stecher | +56940968937 | herrerastecher@gmail.com | R.Metropolitana | Maipú | Lisperguer | #418 | - | Pasaje Cerrado entre Santa Elena y El Tibet, llamar al llegar;Máscara de gato;Fantasia, Romance, Romantasy, Thriller, Dark romance, Spicy;5 de cada mes;True;True;activa;OK;Envio por paket
Josnelis hernandez;abril;2026.0;+56936572346;Pasaje los encomenderos oriente 1094, Puente alto;Las cosas más preciosas;Fantasia, Romance, Romantasy, Thriller, Poesía, Dark romance, Spicy;31 de cada mes (o último día del mes);True;True;activa;OK;Envio por paket
Judith Vargas;abril;2026.0;+56934454499;Rio yeso 3736 puente alto;Deseos peligrosos;Romance, Thriller, LGTBQ+, Dark romance, Spicy, Autores chilenos;5 de cada mes;True;True;activa;OK;Envio por paket
Karen Llanten Zuñiga ;abril;2026.0;999169201;Los Perales 213 Quilicura ;Querido vecino;Fantasia, Romance, Romantasy, Thriller, Historico, Clásicos, LGTBQ+, Dark romance, Spicy, Distopia, Ciencia Ficción, Autores chilenos;5 de cada mes;True;True;activa;OK;Envio por paket
Karina Castillo ;abril;2026.0;966165886;correo karinaa.castillodiaz@gmail.com Cardenal raul silva henriquez 1251, coquimbo;Gaijin;Fantasia, Romance, Romantasy, Thriller, Dark romance, Spicy, Distopia, Ciencia Ficción, Autores chilenos;31 de cada mes (o último día del mes);True;False;activa;ETIQUETA LISTAagregar 5 libros: hsru, dos vidas para crecer, un segundo para, hipotesis, amor de verano complicado;Envío por blue
Karla Vicencio Vargas;abril;2026.0;+56948963291;Karla | Vicencio | +56948963291 | karla.vicencio28@gmail.com | Región Metropolitana | La Granja | Avenida Coronel | 7883 | Local “Yakamoz” .;Bienvenidos a la librería;Fantasia, Poesía, Clásicos, Distopia, Ciencia Ficción, Autores chilenos;31 de cada mes (o último día del mes);True;True;activa;OK;Envio por paket
Kassandra Jerez Montoya ;abril;2026.0;932641811;Plaza las pintoras 895, machalí  | kassandra.jerezm@gmail.com;Máscara de gato;Fantasia, Romance, Romantasy, Dark romance, Spicy;5 de cada mes;True;True;activa;OK;Envio por paket
Kelly Araneda;abril;2026.0;9 9055 9390;Ignacio carrera pinto 650 depto E104, Villa Alemana, Región de Valparaíso;Máscara de gato;Dark romance;5 de cada mes;True;True;activa;OK;Envio por paket
Kerly Padilla;abril;2026.0;920185542;san petersburgo 6351 depto b1210, san miguel;El día que dejó de nevar en Alaska;Romance, Romantasy, Poesía, Dark romance, Spicy, Distopia;5 de cada mes;True;True;activa;OK;Envio por paket
Kimberly bugueño;abril;2026.0;+56965875600;Conde duque 1618, calama, region de antofagasta;El día que dejó de nevar en Alaska;Fantasia, Romance, Romantasy, Thriller, LGTBQ+, Dark romance, Spicy, Distopia, Ciencia Ficción, Autores chilenos;5 de cada mes;True;False;activa;OK;Envío por blue
Kimberly Hellen Bravo Balladares;abril;2026.0;959709589;Población Carlos González Calle Obispo Manuel Larraín #430, Maule | kimyhellen2017@gmail.com;La mecánica del amor;Romance, Romantasy, Dark romance, Spicy;5 de cada mes;True;False;activa;OK;Envío por blue
Kimberly Rodríguez ;abril;2026.0;974599887;Retiro ;Cuando el cielo se vuelva amarillo;Romance, Historico, Dark romance, Spicy;5 de cada mes;True;False;activa;OK;Retiro en Manuel montt
Laura Pizarro ;abril;2026.0;+56 9 59602034;Avenida estación 227 Los vilos, región de coquimbo;Guardianes. Los condenados;Fantasia, Romance, Romantasy, LGTBQ+, Dark romance, Spicy, Distopia;31 de cada mes (o último día del mes);True;False;activa;OK;Envío por blue
Lidia Martin Repol;abril;2026.0;933944347;Lidia Martin Repol | 933944347 | limartinrepol@gmail.com | RM | La Cisterna | trinidad Ramírez 1010 depto 408C la cisterna ;Guardianes. Los condenados;Fantasia, Dark romance, Spicy;31 de cada mes (o último día del mes);True;True;activa;OK;Envio por paket
Lissette Toloza Gonzalez ;abril;2026.0;+56991200333;Lizzyausten5@gmail.com|Pasaje 9 casa 355 sexto sector Playa Ancha Valparaiso ;Cuando el cielo se vuelva amarillo;Romance, Thriller, Clásicos, Autores chilenos;31 de cada mes (o último día del mes);True;True;activa;ETIQUETA LISTA;Envío por blue
Valeska ibarra arellano;abril;2026.0;977574737;Valeska ibarra/977574737 /vibarra54@gmail.com /region metropolitana/santiago centro/ amunátegui 725/ dpto 705;Bienvenidos a la librería;Fantasia, Romance, Romantasy, Thriller, Clásicos, Dark romance, Spicy, Ciencia Ficción;31 de cada mes (o último día del mes);True;True;activa;;Envio por paket
Loreto Freire;abril;2026.0;967416556;Loreto|Freire|967416556|lorebustosfreire@gmail.com|metropolitana|La Cisterna|Avenida Goycolea 0122, depto 1515;Bienvenidos a la librería;Romance, **Romantasy, Thriller, Historico, Ciencia Ficción;5 de cada mes;True;True;activa;OK;Envio por paket
Loreto Acevedo Vega;abril;2026.0;+56976188512;Loreto|Acevedo|976188512|loretoacevedo66@gmail.com|Metropolitana|Macul|Santa Cristina|3180|depto 801|;Bienvenidos a la librería;Fantasia, Romance, Romantasy, Dark romance, Spicy;31 de cada mes (o último día del mes);True;False;activa;OK;Retiro en Manuel montt
Luis Pérez (Danae Martínez);abril;2026.0;950665888;Pasaje Hispania 290 Villa San Pablo Paine Danae Martínez 19.925.470-7;Antes de verte;Romance, Thriller, Dark romance, Spicy;31 de cada mes (o último día del mes);True;True;activa;OK;Envio por paket
Macarena Carrillo Orellana;abril;2026.0;987170884;Los Mercedarios #81. Villa defensa Nacional. Chillan. Ñuble.;El día que dejó de nevar en Alaska;Romance, Romantasy, Dark romance, Spicy;5 de cada mes;True;False;activa;OK;Envío por blue
Macarena Oyanadel Pérez ;abril;2026.0;+56932474414;;Gaijin;Romance, Romantasy, Thriller, Historico, Dark romance, Spicy;31 de cada mes (o último día del mes);True;False;activa;OK;Retiro en Manuel montt
Macarena Santana Cubillos;abril;2026.0;956249007;Macarena | Santana Cubillos | 956249007 | m.santanacubillos@gmail.com | Antofagasta | Antofagasta | Quillota | 454 | Casa;;Fantasia, Romance, Romantasy, Clásicos, Dark romance, Spicy, Ciencia Ficción, Autores chilenos;5 de cada mes;True;False;activa;ETIQUETA LISTA;Envío por blue
Macarena Zúñiga ;abril;2026.0;972501592;Macarena Zúñiga ;El misterio de la lavandería;Fantasia, Romantasy, Thriller, Historico, LGTBQ+, Dark romance, Spicy, Distopia;5 de cada mes;True;True;activa;ok;Envio por paket
Javiera López ;abril;2026.0;920431950;Retiro;Bienvenidos a la librería;Dark romance, Romance;5 de cada mes;True;False;activa;OK;Retiro en Manuel montt
Maheva López;abril;2026.0;+569 99059635;RETIRO;Bienvenidos a la librería;Fantasia, Romantasy, Historico;5 de cada mes;True;False;activa;OK;Retiro en Manuel montt
Mailyn Bolívar ;abril;2026.0;933213119;Mailyn /Bolivar/933213119/mailyndaylin@gmail.com/ región de atacama/ vallenar/valdivia/751/condominio los olivos/Dpto 205 ddpto 205D/;Antes de verte;Fantasia, Romance, Dark romance, Ciencia Ficción;5 de cada mes;True;False;activa;OK;Envío por blue
Maria Ampuero Morales ;abril;2026.0;+56 9 3178 1771;Brsilia 1282, villa el sauce, comuna de Padre Hurtado, santiago, región metropolitana ;El día que dejó de nevar en Alaska;Fantasia, Romantasy, Thriller, Clásicos, Dark romance, Spicy, Distopia, Ciencia Ficción, autores chilenos;5 de cada mes;True;True;activa;OK;Envio por paket
María Belén bugueño;abril;2026.0;992022903;María/Bugueño/9-92022903/m_belen_26@yahoo.cl/Quinta región/Viña del mar/avenida el golf,pasaje teniente Merino,granadilla 1/#48/casa/Miraflores alto;Bienvenidos a la librería;Fantasia, Romantasy, Thriller, Historico, Clásicos, Autores chilenos;31 de cada mes (o último día del mes);True;True;activa;OK;Envio por paket
María José Villablanca ;abril;2026.0;988265229;mariajose.icq@gmail.com|Punto Blue Express Copec Freire Esq. Amunategui collipulli ;Gaijin;Fantasia, Romance, Romantasy, Poesía, Clásicos, Distopia;5 de cada mes;True;True;activa;ETIQUETA LISTA;Envío por blue
Maria Paz Ramirez;abril;2026.0;940320437;San miguel 25, sitio 06. Condominio Sta Maria de Liray. Colina (sector liray);Ugly Love;Fantasia, Romance, Romantasy, Thriller, Historico, Dark romance, Spicy, Ciencia Ficción, Autores chilenos;5 de cada mes;True;True;activa;OK;envio por paket
Maria paz soto;abril;2026.0;959557411;Maria paz/ soto /959557411/bio bio /cañete / mariqueo 304;Máscara de gato;Fantasia, Romance, Romantasy, Dark romance, Spicy, Autores chilenos;31 de cada mes (o último día del mes);True;False;activa;OK;Envío por blue
Mariana ;abril;2026.0;;;Bienvenidos a la librería;;;True;False;activa;OK;
Mayra Lopez;abril;2026.0;990648060;Pasaje Eduardo Anguita 1974, Colina, Santiago.;El día que dejó de nevar en Alaska;Fantasia, Romantasy, Dark romance, Distopia;5 de cada mes;True;True;activa;OK;Envio por paket
Melanie Thomas;abril;2026.0;933933872;;Josh y Hazel: Guía para el fracaso amoroso;Fantasia, Romance, Romantasy, Thriller, Clásicos, Dark romance, Spicy, Distopia, Ciencia Ficción, Autores chilenos;31 de cada mes (o último día del mes);True;False;activa;OK;Retiro en Manuel montt
Millaray Valenzuela Carrasco ;abril;2026.0;962891106;Millaray Valenzuela +569 62891106 Millarayv840@gmail.com Camino a roa sn puente 7 interior 1200, Minimarket santa carolina, Florida, Concepción, Chile Región Bio Bio;Apuesto por nosotros;Romance, Spicy;31 de cada mes (o último día del mes);True;True;activa;ETIQUETA LISTA;Envío por blue
montserrat soto lecaros ;abril;2026.0;988763405;montserrat belen| soto lecaros| 988763405| montserratsotolecaros@gmail.com| valparaiso| villa alemana| los suspiros | 0605| como referencia casa esquina amarilla ;Josh y Hazel: Guía para el fracaso amoroso;Romance, Romantasy, Dark romance, Spicy;31 de cada mes (o último día del mes);True;True;activa;OK;Envio por paket
Muriel arancibia castillo ;abril;2026.0;947454268;RETIRO;Cuando el cielo se vuelva amarillo;Fantasia, Romance, Romantasy, Thriller, LGTBQ+, Dark romance, Spicy;31 de cada mes (o último día del mes);True;False;activa;OK;Retiro en Manuel montt
Natalia beroiza;abril;2026.0;942105130;Natalia beroiza 942105130 Natalia.beroizac@gmail.com metropolitana san bernardo las águilas 782 entrar por los suspiros ;Encantamiento frágil;Romantasy, Dark romance, Spicy;31 de cada mes (o último día del mes);True;True;activa;OK;Envio por paket
NATALIA NUNEZ AGUIRRE;abril;2026.0;995705125;SANTA MARIA 204, RANCAGUA;Bienvenidos a la librería;Fantasia, Romance, Romantasy, Clásicos, Dark romance, Spicy, Ciencia Ficción;5 de cada mes;True;True;activa;OK;Envio por paket
Nataly Araya Paredes ;abril;2026.0;964247887;Calle lisboa 1209, san bernardo;Bestiario;Thriller;31 de cada mes (o último día del mes);True;True;activa;OK;Envio por paket
Nataly rivera;abril;2026.0;+56967492373;Con volcan Calbuco;Atrapada en vacaciones;Fantasia, Romance, Romantasy, Thriller, Dark romance, Spicy, Ciencia Ficción, Autores chilenos;5 de cada mes;True;False;activa;OK;Envío por blue
Neldy Montecinos ;abril;2026.0;976459305;puerto montt 18839, maipu;El misterio de la lavandería;Fantasia, Romance, Romantasy, Poesía, Clásicos, LGTBQ+, Spicy, Distopia, Ciencia Ficción, Autores chilenos;31 de cada mes (o último día del mes);True;True;activa;OK;Envio por paket
Nehily ;abril;2026.0;+56953983831;Nehily| Ruiz | +569 53983831 | nehilyr@gmail.com | Ñuble | Chillan | camino a las mariposas Km 7 | Local Gresus repara | al lado ferretería Ferrimas ;Confesiones;Romance, Romantasy, Dark romance, Spicy;5 de cada mes;True;True;activa;ETIQUETA LISTA;Envío por blue
Nicol Fuentes;abril;2026.0;962070141;;El día que dejó de nevar en Alaska;Fantasia, Romance, Romantasy, Clásicos, Distopia, Ciencia Ficción, Autores chilenos;31 de cada mes (o último día del mes);True;False;activa;OK;Retiro en Manuel montt
Nicole Inostroza ;abril;2026.0;946903010;Camino a Cato km 11 | inostroza.1991@gmail.com;Ugly Love;Fantasia, Romance, Romantasy, Thriller, Historico, Clásicos, Dark romance, Spicy, Ciencia Ficción, Autores chilenos;5 de cada mes;True;False;activa;ETIQUETA LISTA añadir el convento (ya empAquetado);Envío por blue
Ninoska Jaque Tobar;abril;2026.0;990699390;Dirección: José Simón Cañas 4317, Pedro Aguirre Cerda;La librería de los viernes;Fantasia, Romance, Romantasy, Dark romance, Spicy;5 de cada mes;True;True;activa;OK;Envio por paket
Nydia Guerrero;abril;2026.0;961494415;Gran avenida José Miguel Carrera 4310 depto. 1810 San Miguel;Máscara de gato;Fantasia, Romantasy, Thriller, Dark romance, Distopia;31 de cada mes (o último día del mes);True;True;activa;OK;Envio por paket
Paloma pastenes;abril;2026.0;992457021;Colihue 670, maipú;Guardianes. Los condenados;Fantasia, Romance, Romantasy, Thriller, Dark romance, Spicy, Ciencia Ficción;5 de cada mes;True;True;activa;OK;Envio por paket
Pamela Tapia;abril;2026.0;984161448;Victor troncos Muñoz 121 casa 120 Buin ;El día que dejó de nevar en Alaska;Romance, Thriller, Clásicos, Ciencia Ficción;5 de cada mes;True;True;activa;OK;Envio por paket
Paula Oviedo Atuntaya;abril;2026.0;+56 9 8437 7267;Punto Blue Express Copec Av. Argentina 1103 antofagasta | pconstanza.oviedo@gmail.com;Apuesto por nosotros;Romance (sport,historico,found family), Romantasy (ligero), Dark Romance, Spicy, Distopia;5 de cada mes;True;True;activa;ETIQUETA LISTA;Envío por blue
Piera Rodriguez ;abril;2026.0;955153445;José Ignacio López 02772, Jardines del sur, Antofagasta;Deseos peligrosos;Dark romance, Spicy, Thriller;31 de cada mes (o último día del mes);True;False;activa;OK;Envío por blue
Rayen allendes;abril;2026.0;+56931860760;Bombero Hugo Olguín 7315 cerrillos;Deseos peligrosos;Fantasia, Romance, Romantasy, Thriller, Clásicos, LGTBQ+, Dark romance, Spicy, Distopia, Ciencia Ficción, Autores chilenos;5 de cada mes;True;True;activa;OK;Envio por paket
Rocío Sabella Calderón ;abril;2026.0;954582579;Retiro;Una de las suyas;Fantasia, Romance, Romantasy, Dark romance, Spicy;5 de cada mes;True;False;activa;OK;Retiro en Manuel montt
Romina Osses aravena;abril;2026.0;+56933761880;Romina Osses / 933761880 / Rominaosses06@gmail.com / región metropolitana/ puente alto/lago verdot 727/ entre avenida Chiloé y calle merlot;El día que dejó de nevar en Alaska;Fantasia, Romance, Poesía, Dark romance, Spicy;5 de cada mes;True;True;activa;OK;Envio por paket
Romina Silva ;abril;2026.0;920309612;Romina| Silva|920309612| romi.silva16@gmail.com|aysén|coyhaique|Obispo vielmo 62;El día que dejó de nevar en Alaska;Fantasia, Romance, Thriller;5 de cada mes;True;True;activa;ETIQUETA LISTA;Envío por blue
Rosa Moreno ;abril;2026.0;+56934157330;;El convento;Fantasia, Romance, Romantasy, Thriller, Dark romance, Spicy;5 de cada mes;True;False;activa;OK;Retiro en Manuel montt
Sasha Rodríguez;abril;2026.0;995922866;Fernandez Albano #161 depto 1113 la cisterna;Deseos peligrosos;Fantasia, Romance, Romantasy, Thriller, LGTBQ+, Dark romance, Spicy, Autores chilenos;5 de cada mes;True;True;activa;OK;Envio por paket
Scarlett Troncoso;abril;2026.0;56949318157;;Querido vecino;Romance, Romantasy, Dark romance, Spicy;5 de cada mes;True;False;activa;OK;Retiro en Manuel montt
Sheyla Robles Santander;abril;2026.0;930683956;sheyla.robles@gmail.com|El Roble #211, ovalle ;Bienvenidos a la librería;Fantasia, Romance, Romantasy, Dark romance, Spicy;31 de cada mes (o último día del mes);True;True;activa;ETIQUETA LISTA;Envío por blue
Silvana Núñez ;abril;2026.0;+56984480347;;El corazón del rey;Fantasia, Romance, Romantasy, Thriller, Dark romance;31 de cada mes (o último día del mes);True;False;activa;OK;Retiro en Manuel montt
Simona Juarez Bravo;abril;2026.0;+56931832505;Nombre: Simona Juarez Bravo    Dirección: diego portales 1974 olmue Teléfono: +56931832505;Gaijin;Fantasia, Romance, Romantasy;5 de cada mes;True;True;activa;OK;Envio por paket
Samara Neva;abril;2026.0;+56978857182;Vanessa|Muñoz|+56978857182|samara.neva@gmail.com|Región del Bío bio|Concepción|Obispo Hipólito Salas 36, depto 906. Concepción;Máscara de gato;Fantasia, Romance, Romantasy, Thriller, LGTBQ+, Distopia, Ciencia Ficción;5 de cada mes;True;False;activa;OK;Envío por blue
Soledad Espinoza;abril;2026.0;993391219;sespinozachamorro@gmail.com | Oficina tricolor 232 portada del norte 2 , antofagasta;Gaijin;Fantasia, Romantasy, Thriller, Spicy, Ciencia Ficción, Autores chilenos, (STOP Romance y asiaticos);5 de cada mes;True;True;activa;ETIQUETA LISTA;Envío por blue
Stephanie Hernández Ospina ;abril;2026.0;990758433;Stephanie Hernández Ospina /9 90758433 /shernandez.soluciones@gmail.com/ belisario prats1460 depto.1102A/comjna independencia ;Atrapada en vacaciones;Fantasia, Romance, Romantasy, Thriller, Clásicos, Dark romance, Spicy, Distopia, Ciencia Ficción, Autores chilenos;31 de cada mes (o último día del mes);True;True;activa;OK;Retiro en Manuel montt
Susana Abigail Muñoz Vera;abril;2026.0;984544094;CHACABUCO 210, VALDIVIA, Región de Los Ríos. Nombre: Susana Muñoz Vera, 17.742.967-8, 984544094;Amor animal;Romance, Romantasy, LGTBQ+, Dark romance, Spicy;31 de cada mes (o último día del mes);True;False;activa;OK;Envío por blue
Tamara caceres;abril;2026.0;968419037;Tamara Caceres, 968419047, tamaracaceres2801@gmail.com, region metropolitana, santiago, santiago 1320 dep 714;;Fantasia, Romance, Romantasy, Dark romance, Spicy;5 de cada mes;True;True;activa;OK;Envio por paket
Tamara Aguilera Contreras ;abril;2026.0;;;Querido vecino;;;True;True;activa;ETIQUETA LISTA;
Tatiana Vejar Diaz;abril;2026.0;9 63306403;tatiana.vejar.diaz@gmail.com|Calle las Dalias 665, Villa el Mirador, Comuna Lautaro, Novena región;Bienvenidos a la librería;Fantasia, Romance, Romantasy, Dark romance, Spicy;31 de cada mes (o último día del mes);True;True;activa;ETIQUETA LISTA;Envío por blue
valentina barraza ;abril;2026.0;+56932594682;REGIon coquimbo, ciudad La serena villa el indio  pasaje los crisantemos 4516,tbarraza076@gmail.com;Antes de verte;Romance, Poesía, Clásicos, Dark romance, Spicy;31 de cada mes (o último día del mes);True;False;activa;OK;Envío por blue
Valentina Bertolone;abril;2026.0;+56962207061;San Javier, Maule. Población santa Amalia pasaje monseñor larrain 1728, Valekyumin@gmail.com;La mesa de los solteros;Fantasia, Romance, Romantasy, Dark romance, Spicy;31 de cada mes (o último día del mes);True;True;activa;ETIQUETA LISTA;Envío por blue
Valentina Escobar Martínez ;abril;2026.0;944838412;Valentina Escobar Martínez 944838412 alejandramartini0707@gmail.com  Metropolitana  pasaje la pedrera oriente 1078 puente alto ;Gaijin;Romance, Romantasy, Dark romance, Spicy;5 de cada mes;True;False;activa;OK;Envio por paket
VALENTINA HURTADO;abril;2026.0;962327369;Angamos 8379, la cisterna;Cuando el cielo se vuelva amarillo;Romance, Romantasy, Dark romance, Spicy;5 de cada mes;True;True;activa;OK;Envio por paket
Valentina Mora;abril;2026.0;944096394;Los Cipreses 12461, comuna El Bosque. Region metropolitana.;Máscara de gato;Fantasia, Romantasy, Dark romance, Spicy;5 de cada mes;True;True;activa;OK;Envio por paket
Valentina Suarez Castillo;abril;2026.0;998917524;Nombre: Valentina Suarez Castillo  Dirección: Prolongacion solidaridad 987  Ciudad: Chillan Comuna:Chillan viejo Telefono: 998917524 Email: valentinabeatrizsc99@gmail.com;Pacto electrizante;Fantasia, Romance, Romantasy, LGTBQ+, Dark romance, Spicy;31 de cada mes (o último día del mes);True;False;activa;OK;Envío por blue
Valentina Suarez Ruiz ;abril;2026.0;932881791;Avenida Detective Jose Cubillos Rivera 3387, Alto Hospicio Balentina.belen.23@gmail.com;La mecánica del amor;Fantasia, Romance, Romantasy, Dark romance, Spicy, Distopia;5 de cada mes;True;True;activa;ETIQUETA LISTA;Envío por blue
Valentina Villanueva Olivero ;abril;2026.0;+56 9 37198324;Pasaje Calle Calle #363, Quilicura, Santiago;Antes de verte;Fantasia, Romance, Romantasy, Dark romance, Spicy;5 de cada mes;True;True;activa;OK;Envio por paket
Valeska ibarra arellano;abril;2026.0;977574737;Valeska ibarra/977574737 /vibarra54@gmail.com /region metropolitana/santiago centro/ amunátegui 725/ dpto 705;;Fantasia, Romance, Romantasy, Thriller, Clásicos, Dark romance, Spicy, Ciencia Ficción;31 de cada mes (o último día del mes);True;False;activa;OK;Envio por paket
Valeria Torres Fuentes;abril;2026.0;+56 9 95797452;El Olmo 5, N° 7651, La Reina;Verity;Fantasia, Thriller, Dark romance, Distopia;31 de cada mes (o último día del mes);True;True;activa;OK;Envio por paket
VALESKA RIQUELME ;abril;2026.0;974887191;Pasaje 2 casa 444 Villa Los Lirios Manzanal Rancagua;Los últimos días de Clayton & Co.;Romance, Romantasy, Thriller, Dark romance, Spicy;5 de cada mes;True;True;activa;OK;Envio por paket
vanesa maulen zanga;abril;2026.0;930877331;jahzeel jeria samit 936061072 hazheelsamit@gmail.com Punto blueexpres coyhaique.  Baquedano 1578 ENVIO EN CONJUNTO CON VANNESA MAULEN;Máscara de gato;Fantasia, Romance, Romantasy, Dark romance, Distopia;5 de cada mes;True;True;activa;ETIQUETA LISTA;Envío por blue
Vanessa Mateluna Mancisidor ;abril;2026.0;+56932661123 ;Novena 1131, placilla valparaiso ;La mecánica del amor;Fantasia, Romance, Romantasy, Clásicos, Dark romance, Spicy, Ciencia Ficción, Autores chilenos;5 de cada mes;True;True;activa;OK;Envio por paket
Yoselyn Andrea Duguet Herrera;abril;2026.0;+56963610708;Yoselyn Duguet Herrera/963610708/yoselynduguet19911@gmail.com/La Araucania/Temuco/Pozo blanco/02070/ casa ;La mesa de los solteros;Fantasia, Romance, Spicy;31 de cada mes (o último día del mes);True;False;activa;ETIQUETA LISTA;Envío por blue
Yanet Alejandra Orellana Troncoso;abril;2026.0;+56999260201;Yanet Orellana | 999260201 | yanetalejandra898@gmail.com | Valparaíso | San Antonio | Jerusalén 1409 Bellavista brasil | casa esquina segundo piso, frente a feria mayorista ;La mesa de los solteros;Fantasia, Romance, Romantasy, Thriller, Dark romance, Spicy, Distopia, Ciencia Ficción;5 de cada mes;True;False;activa;OK;Envío por blue
Yanira Mejías Reyes;abril;2026.0;+569 89170647;Millao 422 Santa Cruz | ymejiasr@gmail.com;;Romantasy, Thriller;31 de cada mes (o último día del mes);True;False;activa;OK;Envío por blue
Zuleidy Gómez ;abril;2026.0;921661012;Zuleidy|Gomez|921661012|zuleidylis@gmail.com|embalse la palma 5907|peñalolen|casa esquina;Guardianes. Los condenados;Fantasia, Romance, Romantasy, Dark romance, Spicy, Thriller psicológico, NO literatura asiática;5 de cada mes;True;True;activa;OK;Envio por paket
Beatriz Fuenzalida;mayo;2026.0;991307408;Nombre: Beatriz Fuenzalida/ RUT: 18803298-2/ Dirección: Bernardino 1978, Puerto Montt /Telefono:991307408;Bienvenidos a la librería;Fantasia, Romantasy, Thriller, Dark romance, Distopia, Autores chilenos;31 de cada mes (o último día del mes);True;False;OK;ENTREGADO;Envío por blue
Kelly Araneda;mayo;2026.0;9 9055 9390;Ignacio carrera pinto 650 depto E104, Villa Alemana, Región de Valparaíso;El verdugo;Dark romance;5 de cada mes;True;True;OK;ENTREGADO;Envio por paket
Muriel arancibia castillo ;mayo;2026.0;947454268;RETIRO;El día que dejó de nevar en Alaska;Fantasia, Romance, Romantasy, Thriller, LGTBQ+, Dark romance, Spicy;31 de cada mes (o último día del mes);True;False;OK;ENTREGADO;Retiro en Manuel montt
Ninoska Jaque Tobar;mayo;2026.0;990699390;Dirección: José Simón Cañas 4317, Pedro Aguirre Cerda;La librería de los viernes;Fantasia, Romance, Romantasy, Dark romance, Spicy;5 de cada mes;True;True;OK;ENTREGADO;Envio por paket
Paulina Herrera Jerez ;mayo;2026.0;+56 9 3252 6270;Pasaje Mirasol #10130 La Granja, Región Metropolitana;Bienvenidos a la librería;Fantasia, Romance, Romantasy, Thriller, LGTBQ+, Dark romance, Spicy, Distopia;5 de cada mes;True;True;OK;ENTREGADO;Envio por paket
Valentina Suarez Castillo;mayo;2026.0;998917524;Nombre: Valentina Suarez Castillo  Dirección: Prolongacion solidaridad 987  Ciudad: Chillan Comuna:Chillan viejo Telefono: 998917524 Email: valentinabeatrizsc99@gmail.com;Bienvenidos a la librería;Fantasia, Romance, Romantasy, LGTBQ+, Dark romance, Spicy;31 de cada mes (o último día del mes);True;False;OK;ENTREGADO;Envío por blue
Macarena Oyanadel Pérez ;mayo;2026.0;+56932474414;;Guardianes. Los condenados;Romance, Romantasy, Thriller, Historico, Dark romance, Spicy;31 de cada mes (o último día del mes);True;False;OK;ENTREGADO;Retiro en Manuel montt
Carla Cáceres Reyes ;mayo;2026.0;986959442;Av departamental 4570 depto N504 ;Josh y Hazel: Guía para el fracaso amoroso;Fantasia, Romance, Romantasy, Thriller, Clásicos, LGTBQ+, Dark romance, Spicy, Distopia, Ciencia Ficción, Autores chilenos;31 de cada mes (o último día del mes);True;True;OK;ENTREGADO;Envio por paket
Carmen Gloria Gallardo Mella ;mayo;2026.0;944666836;carmengloriagallardo@gmail.com Séptimo de línea 1009, población San Felipe, V región ;Atrapada en vacaciones;Romance, Dark romance, Spicy;5 de cada mes;True;True;OK;ENTREGADO;Envío por blue
Catalina Pacheco acuña ;mayo;2026.0;958163334;Av 5 de Abril 5334 A estación central ;Guardianes. Los condenados;Fantasia, Romance, Romantasy, Historico, Clásicos, Dark romance, Spicy, Distopia, Ciencia Ficción;5 de cada mes;True;True;OK;ENTREGADO;Envio por paket
Daniela Quidel;mayo;2026.0;9 9142 5971;PUNTO BLUE Av. Juvencio Ovalle 1564, Nueva Imperial, ARAUCANIA | danielagquidelp@gmail.com;OK;Romance, Romantasy, Dark romance, Spicy;31 de cada mes (o último día del mes);True;True;OK;ENTREGADO;Envío por blue
Nicolle Gomez Romero;mayo;2026.0;995006922;Retiro;Adiós, París;Fantasia, Romance, Romantasy, Thriller, Clásicos, LGTBQ+, Dark romance, Spicy, Distopia, Ciencia Ficción, Autores chilenos;5 de cada mes;True;False;;;Retiro en Manuel montt
Daniela valdevenito;mayo;2026.0;9 2627 3492;Badén powell #249 belloto quilpue;Adiós, París;Dark romance, romantasy y thriller psicologico;5 de cada mes;True;True;OK;ENTREGADO;Envío por blue
Denisse lizama;mayo;2026.0;956076330;8 sur 3315  962808037 ElianaLo Espejo;Juego de reinas;Romance, Romantasy, Dark romance, Spicy;31 de cada mes (o último día del mes);True;True;OK;ENTREGADO;Envio por paket
Evaluna Godoy ;mayo;2026.0;56994447406;Padre acosta 389-2 cerro Bellavista Valparaíso ;El día que dejó de nevar en Alaska;Fantasia, Romantasy, Thriller, Clásicos, Distopia;31 de cada mes (o último día del mes);True;True;OK;ENTREGADO;Envio por paket
Isidora Reyes;mayo;2026.0;933522160;;Guardianes. Los condenados;Fantasia, Romance, Romantasy, Thriller, LGTBQ+, Dark romance, Spicy, Distopia, Ciencia Ficción;5 de cada mes;True;False;OK;ENTREGADO;Retiro en Manuel montt
Javiera Mendoza Cresp ;mayo;2026.0;+56964398882;;El día que dejó de nevar en Alaska;Fantasia, Romance, Romantasy, Thriller, Dark romance, Spicy;5 de cada mes;True;False;OK;ENTREGADO;Retiro en Manuel montt
Lissette Toloza Gonzalez ;mayo;2026.0;+56991200333;Lizzyausten5@gmail.com|Pasaje 9 casa 355 sexto sector Playa Ancha Valparaiso ;Josh y Hazel: Guía para el fracaso amoroso;Romance, Thriller, Clásicos, Autores chilenos;31 de cada mes (o último día del mes);True;False;OK;ENTREGADO;Envío por blue
Maheva López;mayo;2026.0;+569 99059635;RETIRO;Guardianes. Los condenados;Fantasia, Romantasy, Historico;5 de cada mes;True;False;OK;ENTREGADO;Retiro en Manuel montt
Mariana ;mayo;2026.0;;;Grimm mortal;;;True;True;OK;ENTREGADO;
Neldy Montecinos ;mayo;2026.0;976459305;puerto montt 18839, maipu;Larga vida al rey;Fantasia, Romance, Romantasy, Poesía, Clásicos, LGTBQ+, Spicy, Distopia, Ciencia Ficción, Autores chilenos;31 de cada mes (o último día del mes);True;True;activa;;Envio por paket
Piera Rodriguez ;mayo;2026.0;955153445;José Ignacio López 02772, Jardines del sur, Antofagasta;Una de las suyas;Dark romance, Spicy, Thriller;31 de cada mes (o último día del mes);True;False;OK;ENTREGADO;Envío por blue
VALESKA RIQUELME ;mayo;2026.0;974887191;Pasaje 2 casa 444 Villa Los Lirios Manzanal Rancagua;La librería de los viernes;Romance, Romantasy, Thriller, Dark romance, Spicy;5 de cada mes;True;True;OK;ENTREGADO;Envio por paket
CAROLINA BUSTOS;mayo;2026.0;974772556;AVDA. LOS LIBERTADORES 7209, DEPTO J237. CERRILLOS;Cuando el cielo se vuelva amarillo;Romance, Romantasy, Thriller, Dark romance, Spicy, Autores chilenos;5 de cada mes;True;True;OK;ENTREGADO;Envio por paket
Brisa Lobos Zagal ;mayo;2026.0;+56 930271643;punto copec Mulchén Lastarrias 11 mulchen;Antes de verte;Romance, Romantasy;5 de cada mes;True;True;OK;ENTREGADO;Envío por blue
Jessica Soto Sáez ;mayo;2026.0;951248363;Calle Arturo Prat 318 ciudad:Los Andes ;Nuevo engaño;Fantasia, Romance, Dark romance, Distopia;5 de cada mes;False;False;activa;;Envío por blue
Camila Herrera ;mayo;2026.0;975285232;calle el lucero 414, maule (hacienda del maule) | Cami.molk@gmail.com;Nuevo engaño;Fantasia, Romance, Romantasy, Historico, Dark romance, Spicy, Autores chilenos;5 de cada mes;True;False;OK;ENTREGADO;Retiro en Manuel montt
María Cristina Olivares González ;mayo;2026.0;+56 966128008;María Cristina Olivares González  - +56966128008 - mcristina.olivaresgz@gmail.com - Región de Valparaíso - Quillota - El Cobre 139 - Villa Coopreval ;Bienvenidos a la librería;Fantasia, Romance, Romantasy, Thriller, Clásicos, Dark romance, Spicy, Distopia, Ciencia Ficción, Autores chilenos;31 de cada mes (o último día del mes);True;True;OK;ENTREGADO;Envio por paket
Patricia Jara Lillo;mayo;2026.0;932385263;Conde de manso 1150, dpto G-203, condominio casas patronales, melipilla. ;;Fantasia, Romance, Romantasy, Thriller, LGTBQ+, Dark romance, Spicy, Distopia, Ciencia Ficción;31 de cada mes (o último día del mes);True;True;activa;;Envio por paket
Josnelis hernandez;mayo;2026.0;+56936572346;Pasaje los encomenderos oriente 1094, Puente alto;Atrapada en vacaciones;Fantasia, Romance, Romantasy, Thriller, Poesía, Dark romance, Spicy;31 de cada mes (o último día del mes);True;True;OK;ENTREGADO;Envio por paket
Soledad Espinoza;mayo;2026.0;993391219;sespinozachamorro@gmail.com | Oficina tricolor 232 portada del norte 2 , antofagasta;La librería de los viernes;Fantasia, Romantasy, Thriller, Spicy, Ciencia Ficción, Autores chilenos, (STOP Romance y asiaticos);5 de cada mes;True;True;OK;ENTREGADO;Envío por blue
Catalina Villarroel López ;mayo;2026.0;+56976173218;Catalina Paz Villarroel Lopez 20.006.252-3 Los alerces 2660, depto 806 Ñuñoa Santiago +56976173218;El día que dejó de nevar en Alaska;Fantasia, Romance, Romantasy, Thriller, Spicy, Distopia, Ciencia Ficción;31 de cada mes (o último día del mes);True;True;OK;ENTREGADO;Envio por paket
Silvana Núñez ;mayo;2026.0;+56984480347;;El faro de los amores dormidos;Fantasia, Romance, Romantasy, Thriller, Dark romance;31 de cada mes (o último día del mes);True;False;OK;ENTREGADO;Retiro en Manuel montt
Kimberly bugueño;mayo;2026.0;+56965875600;Conde duque 1618, calama, region de antofagasta;Nuevo engaño;Fantasia, Romance, Romantasy, Thriller, LGTBQ+, Dark romance, Spicy, Distopia, Ciencia Ficción, Autores chilenos;5 de cada mes;True;False;OK;ENTREGADO;Envío por blue
DORI FARFAN;mayo;2026.0;975383414;Retiro;El día que dejó de nevar en Alaska;Fantasia, Romance, Romantasy, Dark romance, Spicy;5 de cada mes;True;False;OK;ENTREGADO;Retiro en Manuel montt
Kimberly Hellen Bravo Balladares;mayo;2026.0;959709589;Población Carlos González Calle Obispo Manuel Larraín #430, Maule | kimyhellen2017@gmail.com;Nuevo engaño;Romance, Romantasy, Dark romance, Spicy;5 de cada mes;True;False;OK;ENTREGADO;Envío por blue
Vanessa Mateluna Mancisidor ;mayo;2026.0;+56932661123 ;Novena 1131, placilla valparaiso ;Máscara de gato;Fantasia, Romance, Romantasy, Clásicos, Dark romance, Spicy, Ciencia Ficción, Autores chilenos;5 de cada mes;True;True;OK;ENTREGADO;Envio por paket
Simona Juarez Bravo;mayo;2026.0;+56931832505;Nombre: Simona Juarez Bravo    Dirección: diego portales 1974 olmue Teléfono: +56931832505;OK;Fantasia, Romance, Romantasy;5 de cada mes;True;True;OK;ENTREGADO;Envio por paket
Antonia Pavez;mayo;2026.0;953240040;Avenida Miguel letelier parcela 7 ruta G546 pintué Comuna de paine Referencia: almacén la aguilina;Las sirenas;Fantasia, Romantasy, LGTBQ+, Spicy, Distopia;5 de cada mes;True;False;OK;ENTREGADO;Envio por paket
Macarena Zúñiga ;mayo;2026.0;972501592;Macarena Zúñiga ;Adiós, París;Fantasia, Romantasy, Thriller, Historico, LGTBQ+, Dark romance, Spicy, Distopia;5 de cada mes;True;True;OK;ENTREGADO;Envio por paket
Karen Llanten Zuñiga ;mayo;2026.0;999169201;Los Perales 213 Quilicura ;Adiós, París;Fantasia, Romance, Romantasy, Thriller, Historico, Clásicos, LGTBQ+, Dark romance, Spicy, Distopia, Ciencia Ficción, Autores chilenos;5 de cada mes;True;True;OK;ENTREGADO;Envio por paket
Camila Alcorta;mayo;2026.0;971473382;Punto Blue Express francia 2651 tienda mi cielo, VALDIVIA, región de los rioscamila.alcortag@gmail.com;Josh y Hazel: Guía para el fracaso amoroso;Romance mamón, Romantasy, Thriller, Dark romance, Spicy;5 de cada mes;True;True;OK;ENTREGADO;Envío por blue
Karina Castillo ;mayo;2026.0;966165886;correo karinaa.castillodiaz@gmail.com Cardenal raul silva henriquez 1251, coquimbo;El misterio de la lavandería;Fantasia, Romance, Romantasy, Thriller, Dark romance, Spicy, Distopia, Ciencia Ficción, Autores chilenos;31 de cada mes (o último día del mes);True;False;OK;ENTREGADO;Envío por blue
Paula Oviedo Atuntaya;mayo;2026.0;+56 9 8437 7267;Punto Blue Express Copec Av. Argentina 1103 antofagasta | pconstanza.oviedo@gmail.com;Atrapada en vacaciones;Romance (sport,historico,found family), Romantasy (ligero), Dark Romance, Spicy, Distopia;5 de cada mes;True;True;OK;ENTREGADO;Envío por blue
Camila Martínez ;mayo;2026.0;+56959388381;camifernanda30@gmail.com,Candelaria,198,El Carmen,San Pedro de Atacama;Nuevo engaño;Fantasia, Romance, Romantasy, Thriller, Clásicos, Ciencia Ficción;5 de cada mes;True;False;OK;ENTREGADO;Envío por blue
Natalia Castillo Valenzuela;mayo;2026.0;+56986871151;Natalia|Castillo|+56986871151|natti.castillo2001@gmail.com|Libertador Bernardo O'Higgins|Rancagua|San Miguel Arcangel|2010;Juego de reinas;Fantasia, Thriller, Poesía, Clásicos, Distopia, Ciencia Ficción, Autores chilenos;5 de cada mes;True;True;OK;ENTREGADO;Envio por paket
Cyntia Olate;mayo;2026.0;956193036;Cyntia Olate/ 956193036/cyntia.olate3e@gmail.com/ Bio Bio/ Cabrero/ Calle La Alegria 75;Juego de reinas;Fantasia, Romance, Romantasy, Dark romance, Spicy;5 de cada mes;True;False;OK;ENTREGADO;Envío por blue
Amanda Castillo;mayo;2026.0;944499029;Santa Teresa 1874, Huechuraba;Gaijin;Fantasia, Romance, Romantasy, Thriller, Clásicos, Dark romance, Spicy, Distopia, Ciencia Ficción. Libros conocidos en tiktok,ig;5 de cada mes;True;True;OK;ENTREGADO;Envio por paket
Javiera Navarrete Fuentes;mayo;2026.0;+56963730522;javiera navarrete fuentes / 18.574.814-6 / Calle Rosas 210, Constitucion. Región del Maule;El misterio de la lavandería;Fantasia, Romantasy, Dark romance, Spicy;5 de cada mes;True;False;OK;ENTREGADO;Envío por blue
Annais Sandoval;mayo;2026.0;+569 5437 2607;"Av. Walker Martinez 1000, la florida
Dpto 111, torre B";Bienvenidos a la librería;Fantasia, Romance, Romantasy, Thriller, Clásicos, Dark romance, Spicy, Distopia, Ciencia Ficción;5 de cada mes;True;True;OK;ENTREGADO;Envio por paket
Maria Ampuero Morales ;mayo;2026.0;+56 9 3178 1771;Brsilia 1282, villa el sauce, comuna de Padre Hurtado, santiago, región metropolitana ;Atrapada en vacaciones;Fantasia, Romantasy, Thriller, Clásicos, Dark romance, Spicy, Distopia, Ciencia Ficción, autores chilenos;5 de cada mes;True;True;OK;ENTREGADO;Envio por paket
Sheyla Robles Santander;mayo;2026.0;930683956;sheyla.robles@gmail.com|El Roble #211, ovalle ;Guardianes. Los condenados;Fantasia, Romance, Romantasy, Dark romance, Spicy;31 de cada mes (o último día del mes);True;True;OK;ENTREGADO;Envío por blue
Kassandra Jerez Montoya ;mayo;2026.0;932641811;Plaza las pintoras 895, machalí  | kassandra.jerezm@gmail.com;Nuevo engaño;Fantasia, Romance, Romantasy, Dark romance, Spicy;5 de cada mes;True;True;OK;ENTREGADO;Envio por paket
Anahi Barcena;mayo;2026.0;56965385688;Anahi Barcena Saavedra - avenida Circunvalacion 174 Poblacion Alfredo Lorca - Punta Arenas | Anhybarcena@gmail.com ;Nuevo engaño;Fantasia, Romance, Clásicos;5 de cada mes;True;True;OK;ENTREGADO;Envío por blue
Nicol Fuentes;mayo;2026.0;962070141;;Guardianes. Los condenados;Fantasia, Romance, Romantasy, Clásicos, Distopia, Ciencia Ficción, Autores chilenos;31 de cada mes (o último día del mes);True;False;OK;ENTREGADO;Retiro en Manuel montt
Rosa Moreno ;mayo;2026.0;+56934157330;;El día que dejó de nevar en Alaska;Fantasia, Romance, Romantasy, Thriller, Dark romance, Spicy;5 de cada mes;True;False;OK;ENTREGADO;Retiro en Manuel montt
Marta Alvarado Ramos;mayo;2026.0;946483237;Pedro aguirre cerda 1130, valparaiso;Juego de reinas;Romance, Romantasy, Dark romance, Spicy;31 de cada mes (o último día del mes);True;True;OK;ENTREGADO;Envio por paket
Daniela Martínez Colombo;mayo;2026.0;981868530;Agua Santa 2554 Independencia, Región Metropolitana;Josh y Hazel: Guía para el fracaso amoroso;Romance, Romantasy, Thriller, Historico, Spicy, Autores chilenos;5 de cada mes;True;True;OK;ENTREGADO;Envio por paket
Jael Gomez Rozas;mayo;2026.0;982826432;Calle Los Andes 1478 Chillán, Ñuble;Atrapada en vacaciones;Romance;31 de cada mes (o último día del mes);True;True;OK;ENTREGADO;Envío por blue
Scarleth Soto;mayo;2026.0;986437013;punto blue  Balmaceda 1629 Temuco, Chile;Adiós, París;Romance, Romantasy, Poesía, Clásicos, LGTBQ+, Spicy;31 de cada mes (o último día del mes);True;True;OK;ENTREGADO;Envío por blue
Carolina Villegas Ravanal;mayo;2026.0;8-5322376;Pje El Verdegal 7041 Villa La Busqueda La Florida;Spiral;Fantasia, Romance, Romantasy, Thriller, Dark romance, Spicy;31 de cada mes (o último día del mes);True;True;OK;ENTREGADO;Envio por paket
Priscila Cardenas Vergara ;mayo;2026.0;994465067;priscila.catalinaa@gmail.com  Ancud Chiloé, Villa solidaridad Pasaje Angol 103 ;Adiós, París;Fantasia, Romance, Romantasy, Thriller, Clásicos, LGTBQ+, Dark romance, Spicy, Distopia, Ciencia Ficción, Autores chilenos;5 de cada mes;True;True;OK;ENTREGADO;Envío por blue
Judith Vargas;mayo;2026.0;+56934454499;Rio yeso 3736 puente alto;Spiral;Romance, Thriller, LGTBQ+, Dark romance, Spicy, Autores chilenos;5 de cada mes;True;True;OK;ENTREGADO;Envio por paket
Sasha Rodríguez;mayo;2026.0;995922866;Fernandez Albano #161 depto 1113 la cisterna;Atrapada en vacaciones;Fantasia, Romance, Romantasy, Thriller, LGTBQ+, Dark romance, Spicy, Autores chilenos;5 de cada mes;True;True;OK;ENTREGADO;Envio por paket
Constanza Mella;mayo;2026.0;+56944022104;Maiquillahue 3950, Puente Alto;Bienvenidos a la librería;Fantasia, Romantasy, Thriller, Distopia;31 de cada mes (o último día del mes);True;True;OK;ENTREGADO;Envio por paket
Constanza Cáceres muñoz;mayo;2026.0;965347944;Once de septiembre 127A artificio la Calera ;El día que dejó de nevar en Alaska;Fantasia, Romance, Romantasy, Spicy;31 de cada mes (o último día del mes);True;False;ARMADO;añadir cenizas y rey maldit;Envio por paket
Gabriela Cruz Payacán;mayo;2026.0;+56994502458;Cuadro Verde 140, Torre 10, Depto 128, Condominio Arcadia, Estación Central;Atrapada en vacaciones;Fantasia, Romance, Romantasy, Thriller, Clásicos, Dark romance, Distopia, Ciencia Ficción, Autores chilenos;31 de cada mes (o último día del mes);True;True;OK;ENTREGADO;Envio por paket
Nydia Guerrero;mayo;2026.0;961494415;Gran avenida José Miguel Carrera 4310 depto. 1810 San Miguel;Bienvenidos a la librería;Fantasia, Romantasy, Thriller, Dark romance, Distopia;31 de cada mes (o último día del mes);True;True;OK;ENTREGADO;Envio por paket
Fernanda Chavarría;mayo;2026.0;+56958378286;Fernanda Chavarria, 958378286, fernandachavarria171@gmail.com , region metropolitana, puente alto, toscanini 01470 depto 28, puente alto;Una de las suyas;Fantasia, Romance, Romantasy, Spicy, Distopia;5 de cada mes;True;True;OK;ENTREGADO;Envio por paket
Barbara Curin Valenzuela ;mayo;2026.0;956033669;Barbara Constanza curin Valenzuela | 956033669 | barbara.curin20@gmail.com| los lagos | Puerto Montt | puerto navarino 1146 brisas del sur ;Una de las suyas;Fantasia, Romance, Romantasy, Thriller, Dark romance, Spicy;5 de cada mes;True;False;OK;ENTREGADO;Envío por blue
Katherine Morales González ;mayo;2026.0;+56985554064;Katherine Morales/+56985554064/kathymorales.g@gmail.com/Décima Región de Los Lagos/Puerto Montt/calle Isla Caullahuapi N° 254/Población Portal del Sur etapa 1 ;Butcher;Fantasia, Romance, Romantasy, Thriller, Dark romance, Spicy, Distopia, Ciencia Ficción;31 de cada mes (o último día del mes);True;True;OK;ENTREGADO;Envío por blue
Ana vejar ;mayo;2026.0;937738617;Ana / vejar / 937738617/ ayravejar@gmail.com / Bío-Bío / Hualpen/ Burdeos 1972. ;;Fantasia, Romance, Romantasy, Clásicos, Dark romance, Spicy;5 de cada mes;True;True;OK;ENTREGADO;Envío por blue
Luisa Ortiz;mayo;2026.0;966978108;Luisa|Ortiz|966978108|luisaortiz33@gmail.com|Metropolitana|Colina|Panamericana Norte|18.968|Empresa Aza| Oficina logística;;Thriller, Romance, Romantasy, Dark Romance, Spicy y novela negra;31 de cada mes (o último día del mes);True;True;OK;ENTREGADO;Envio por paket
Casandra uribe;mayo;2026.0;959200610;Casandra uribe diaz/959200610/k-sandra_9834@hotmail.com/metropolitana/pudahuel/los montes 1237 casa amarilla;Nuevo engaño;Romance, Romantasy, Spicy;31 de cada mes (o último día del mes);True;True;OK;ENTREGADO;Envio por paket
VALENTINA HURTADO;mayo;2026.0;962327369;Angamos 8379, la cisterna;Josh y Hazel: Guía para el fracaso amoroso;Romance, Romantasy, Dark romance, Spicy;5 de cada mes;True;True;OK;ENTREGADO;Envio por paket
Gilda leiva;mayo;2026.0;+56939089744;Mirador 1550depto c204, villa alemana huanhuali;La mesa de los solteros;Fantasia, Romance, Clásicos, Dark romance, Ciencia Ficción;5 de cada mes;True;True;OK;ENTREGADO;Envio por paket
Constanza Henríquez González;mayo;2026.0;9 8465 2764;Linares 1249, Cerro Navia. Población Irene Belmar.;El día que dejó de nevar en Alaska;Fantasia, Romance, Romantasy, Clásicos, LGTBQ+, Dark romance, Spicy, Distopia, Autores chilenos;31 de cada mes (o último día del mes);True;True;OK;ENTREGADO;Envio por paket
Constanza espinoza ;mayo;2026.0;;;El misterio de la lavandería;;;True;False;OK;ENTREGADO;
Isabel Valenzuela;mayo;2026.0;+56983431931;Las Nieves Oriente 2590, casa 11, Puente Alto;Josh y Hazel: Guía para el fracaso amoroso;Romance, Thriller, Spicy;31 de cada mes (o último día del mes);True;True;OK;ENTREGADO;Envio por paket
Melanie Thomas;mayo;2026.0;933933872;;El convento;Fantasia, Romance, Romantasy, Thriller, Clásicos, Dark romance, Spicy, Distopia, Ciencia Ficción, Autores chilenos;31 de cada mes (o último día del mes);True;False;OK;ENTREGADO;Retiro en Manuel montt
Javiera Alcántara Díaz;mayo;2026.0;962984664;Javi.alcantara01@gmail.com Aytue, Pasaje 1, Sexta Casa a Mano Izquierda, Chimbarongo;Una nueva oportunidad;Fantasia, Romantasy, Thriller, Historico, Clásicos, Distopia, Autores chilenos;5 de cada mes;True;False;OK;ENTREGADO;Envío por blue
Kerly Padilla;mayo;2026.0;920185542;san petersburgo 6351 depto b1210, san miguel;Atrapada en vacaciones;Romance, Romantasy, Poesía, Dark romance, Spicy, Distopia;5 de cada mes;True;True;OK;ENTREGADO;Envio por paket
Francisca Reyes Bórquez;mayo;2026.0;+569 66540508;Retiro;Josh y Hazel: Guía para el fracaso amoroso;Fantasia, Romantasy, Thriller, Historico, Clásicos, Dark romance, Spicy, Distopia, Ciencia Ficción, Autores chilenos, (Por ahora no romance);5 de cada mes;True;False;OK;ENTREGADO;Retiro en Manuel montt
Pamela Tapia;mayo;2026.0;984161448;Victor troncos Muñoz 121 casa 120 Buin ;El día que dejó de nevar en Alaska;Romance, Thriller, Clásicos, Ciencia Ficción;5 de cada mes;True;True;OK;ENTREGADO;Envio por paket
Catalina Martínez Alvarez ;mayo;2026.0;968994018;Talcan 262, maipu (santiago);Bienvenidos a la librería;Fantasia, Romance, Romantasy, Poesía, Clásicos, Dark romance, Spicy, Distopia;5 de cada mes;True;True;OK;ENTREGADO;Envio por paket
Paloma pastenes;mayo;2026.0;992457021;Colihue 670, maipú;Guardianes. Los condenados;Fantasia, Romance, Romantasy, Thriller, Dark romance, Spicy, Ciencia Ficción;5 de cada mes;True;True;OK;ENTREGADO;Envio por paket
Camila Osorio;mayo;2026.0;+56956031365 ;mi dirección es: Cristobal Colón 3837, Las Condes. Dpto 106 ;Atrapada en vacaciones;romance;31 de cada mes (o último día del mes);True;True;OK;ENTREGADO;Envio por paket
Yanira Mejías Reyes;mayo;2026.0;+569 89170647;Millao 422 Santa Cruz | ymejiasr@gmail.com;Seis litros promedio;Romantasy, Thriller;31 de cada mes (o último día del mes);True;False;OK;ENTREGADO;Envío por blue
Gabriela Paz Toro Muñoz;mayo;2026.0;+56923917111;Pasaje Cosmos 2882, Maipu;Bienvenidos a la librería;Fantasía / Romantasy / Dark Romance / Spicy / Clásicos;5 de cada mes;True;True;OK;ENTREGADO;Envio por paket
Francis Andrade;mayo;2026.0;957245618;Francis Andrade Mancilla 957245618 Isla picto 3430 / coyhaique / Fraanandrade29@gmail.com;Adiós, París;Fantasia, Romance, Thriller;5 de cada mes;True;True;activa;;Envío por blue
Cynthia Riquelme;mayo;2026.0;973531914;Cynthia.magdalena1996@gmail.com, Lazareto 7, Chillán. Region de ñuble;Guardianes. Los condenados;Fantasia, Romance, Romantasy, Clásicos, Dark romance, Spicy, Ciencia Ficción, Autores chilenos;31 de cada mes (o último día del mes);True;False;OK;ENTREGADO;Envío por blue
NATALIA NUNEZ AGUIRRE;mayo;2026.0;995705125;SANTA MARIA 204, RANCAGUA;Antes de verte;Fantasia, Romance, Romantasy, Clásicos, Dark romance, Spicy, Ciencia Ficción;5 de cada mes;True;True;OK;ENTREGADO;Envio por paket
Cinthya Cisternas Morales ;mayo;2026.0;990731415;General Bulnes 1203. Dpto.H41. Santiago Centro;Juego de reinas;Romance, Dark romance, Spicy;5 de cada mes;True;True;OK;ENTREGADO;Envio por paket
Veronica Bustamante;mayo;2026.0;966337666;Veronica Bustanante, +56966337666, veronicabustamante44@gmail.com, Santiago, Quilicura, pasaje Cerro la Paloma 286, casa;Guardianes. Los condenados;Fantasia, Romance, Romantasy, Poesía, Dark romance, Spicy;31 de cada mes (o último día del mes);True;True;OK;ENTREGADO;Envio por paket
FRANCESCA BUSTAMANTE ;mayo;2026.0;941888004;millan 45 rancagua;Guardianes. Los condenados;Fantasia, Romance, Romantasy, Dark romance, Spicy, Autores chilenos;5 de cada mes;True;True;OK;ENTREGADO;Envio por paket
Ana Pereira Rusque;mayo;2026.0;968592139;Pasaje 13 #439 nueva peñaflor. Comuna Peñaflor.;Guardianes. Los condenados;Fantasia, Romance, Romantasy, Thriller, LGTBQ+, Dark romance, Spicy;31 de cada mes (o último día del mes);True;True;OK;ENTREGADO;Envio por paket
Luis Pérez (Danae Martínez);mayo;2026.0;950665888;Pasaje Hispania 290 Villa San Pablo Paine Danae Martínez 19.925.470-7;Josh y Hazel: Guía para el fracaso amoroso;Romance, Thriller, Dark romance, Spicy;31 de cada mes (o último día del mes);True;True;OK;ENTREGADO;Envio por paket
Catalina Cortes;mayo;2026.0;936293262;Villa San Esteban, pasaje San Lucas 214, Chillán Viejo Región de Ñuble | caticortes2143@gmail.com;Nuevo engaño;Fantasia, Romance, Romantasy, Thriller, Dark romance, Spicy, Distopia, Ciencia Ficción, Autores chilenos;5 de cada mes;True;False;OK;ENTREGADO;Envío por blue
Catalina Pardo Guerra;mayo;2026.0;963724136;Britania 1077, Villa Alemana, Valparaíso.;El día que dejó de nevar en Alaska;Fantasia, Romantasy, Dark romance, Spicy, Distopia;31 de cada mes (o último día del mes);True;True;OK;ENTREGADO;Envio por paket
Macarena Carrillo Orellana;mayo;2026.0;987170884;Los Mercedarios #81. Villa defensa Nacional. Chillan. Ñuble.;Ugly Love;Romance, Romantasy, Dark romance, Spicy;5 de cada mes;True;False;OK;ENTREGADO;Envío por blue
Laura Pizarro ;mayo;2026.0;+56 9 59602034;Avenida estación 227 Los vilos, región de coquimbo;Nuevo engaño;Fantasia, Romance, Romantasy, LGTBQ+, Dark romance, Spicy, Distopia;31 de cada mes (o último día del mes);True;False;OK;ENTREGADO;Envío por blue
Escarlet Lizana;mayo;2026.0;+56958999737;Av. José Tomás Urmeneta 1107-C, Limache, Valparaíso  | veeandlee.shop@gmail.com;;Fantasia, Dark romance, Spicy;5 de cada mes;False;False;activa;;Envío por blue
Tatiana Vejar Diaz;mayo;2026.0;9 63306403;tatiana.vejar.diaz@gmail.com|Calle las Dalias 665, Villa el Mirador, Comuna Lautaro, Novena región;Guardianes. Los condenados;Fantasia, Romance, Romantasy, Dark romance, Spicy;31 de cada mes (o último día del mes);True;True;OK;ENTREGADO;Envío por blue
Susana Abigail Muñoz Vera;mayo;2026.0;984544094;CHACABUCO 210, VALDIVIA, Región de Los Ríos. Nombre: Susana Muñoz Vera, 17.742.967-8, 984544094;Adiós, París;Romance, Romantasy, LGTBQ+, Dark romance, Spicy;31 de cada mes (o último día del mes);True;False;OK;ENTREGADO;Envío por blue
Bárbara Adriazola Jerez;mayo;2026.0;993015978;Bárbara|Adriazola|993015978|ba.adriazola@gmail.com|Metropolitana|Puente Alto|Calle Buin|2638|Casa;Nuevo engaño;Fantasia, Romance, Romantasy, Thriller, Dark romance, Spicy;31 de cada mes (o último día del mes);True;True;OK;ENTREGADO;Envio por paket
Arantza Valentina Tobar Trengove;mayo;2026.0;+56966260420;retiro;Bienvenidos a la librería;Fantasia, Romance, Romantasy, Thriller, Dark romance, Spicy, Distopia;31 de cada mes (o último día del mes);True;False;OK;ENTREGADO;Retiro en Manuel montt
Stefanía Carrasco;mayo;2026.0;+56982533062;Calle O'Higgins Nro. 116, Valdivia, (Como referencia: Edificio, antes de Carlos Adwanter)Región de Los Ríos. ;Guardianes. Los condenados;Fantasia, Romance, Romantasy, Dark romance, Spicy;31 de cada mes (o último día del mes);True;True;OK;ENTREGADO;Envío por blue
Camila Flores ;mayo;2026.0;;;Spiral;;;True;False;OK;ENTREGADO;
Fabian Gonzalez Vasquez;mayo;2026.0;+56990872362;Calle 124 casa 1051 Peñalolen;Cuando el cielo se vuelva amarillo;Fantasia, Romance, Romantasy, Thriller, LGTBQ+, Dark romance, Spicy, Distopia;31 de cada mes (o último día del mes);True;True;OK;ENTREGADO;Envio por paket
Daniela Trespalacios;mayo;2026.0;999494393;Pirineos 2115 - Depto 406 Providencia - Santiago;Nuevo engaño;Fantasia, Romance, Romantasy, Thriller;31 de cada mes (o último día del mes);True;True;OK;ENTREGADO;Envio por paket
María José Villablanca ;mayo;2026.0;988265229;mariajose.icq@gmail.com|Punto Blue Express Copec Freire Esq. Amunategui collipulli ;Adiós, París;Fantasia, Romance, Romantasy, Poesía, Clásicos, Distopia;5 de cada mes;True;True;OK;ENTREGADO;Envío por blue
Valeria Torres Fuentes;mayo;2026.0;+56 9 95797452;El Olmo 5, N° 7651, La Reina;Los brujos del fin del mundo;Fantasia, Thriller, Dark romance, Distopia;31 de cada mes (o último día del mes);True;True;OK;ENTREGADO;Envio por paket
Daniela Saavedra ;mayo;2026.0;+56 9 9658 4394;Rolando Petersen #1607 Casa esquina con soure;Guardianes. Los condenados;Fantasia, Romance, Romantasy, Thriller, Dark romance, Spicy;31 de cada mes (o último día del mes);True;True;OK;ENTREGADO;Envio por paket
Constanza Muñoz ;mayo;2026.0;977303080;J-415 teno chile. SAN CRISTOBAL SITIO 11 REFERENCIA TENO | Constanzamo39@gmail.com;La mecánica del amor;Fantasia, Romance, Romantasy, Thriller, Clásicos, Dark romance, Spicy, Ciencia Ficción, Autores chilenos;5 de cada mes;True;False;OK;ENTREGADO;Envío por blue
Derly Vanessa Carrillo Cardona ;mayo;2026.0;934553940;san diego 1344 205 oriente Santiago centro;Guardianes. Los condenados;Fantasia, Romance, Romantasy, Dark romance, Spicy;5 de cada mes;True;True;OK;ENTREGADO;Envio por paket
Francis Andrade;mayo;2026.0;957245618;Francis Andrade Mancilla 957245618 Isla picto 3430 / coyhaique / Fraanandrade29@gmail.com;Juego de reinas;Fantasia, Romance, Thriller;5 de cada mes;True;False;OK;ENTREGADO;Envío por blue
Lilian Tapia ;mayo;2026.0;956335251;Lilian Tapia, +56956335251, tapia.lilian.16@gmail.com - Santiago, Santiago Centro - Manuel Antonio Tocornal 601 depto 2006;Las sirenas;Fantasia, Romance, Romantasy, Thriller, Clásicos, Dark romance, Spicy, Distopia, Ciencia Ficción, Autores chilenos;5 de cada mes;True;True;OK;ENTREGADO;Envio por paket
Tamara Aguilera Contreras ;mayo;2026.0;;;Bienvenidos a la librería;;;True;True;OK;ENTREGADO;
Pia orellana;mayo;2026.0;+56 9 3186 3210;Pia orellana   TELEFONO-+56 9 3186 3210.      CORREO- orellana.pia.castillo@gmail.com.     DOMICILIO- maule, linares miguel grau 384;Las sirenas;Fantasia, Romantasy, Poesía, Dark romance, Spicy;31 de cada mes (o último día del mes);True;True;OK;ENTREGADO;Envío por blue
montserrat soto lecaros ;mayo;2026.0;988763405;montserrat belen| soto lecaros| 988763405| montserratsotolecaros@gmail.com| valparaiso| villa alemana| los suspiros | 0605| como referencia casa esquina amarilla ;Atrapada en vacaciones;Romance, Romantasy, Dark romance, Spicy;31 de cada mes (o último día del mes);True;True;OK;ENTREGADO;Envio por paket
Constanza Fabiola Astorga Espinozq ;mayo;2026.0;+56945543197;Constanza Astorga | +56945543197 | luvkmddeonu@gmail.com | Metropolitana | Quilicura | Recife #1078;Siempre fuiste tú;Fantasia, Romance, Romantasy, LGTBQ+, Dark romance, Spicy;31 de cada mes (o último día del mes);True;True;OK;ENTREGADO;Envio por paket
Yanet Alejandra Orellana Troncoso;mayo;2026.0;+56999260201;Yanet Orellana | 999260201 | yanetalejandra898@gmail.com | Valparaíso | San Antonio | Jerusalén 1409 Bellavista brasil | casa esquina segundo piso, frente a feria mayorista ;La librería de los viernes;Fantasia, Romance, Romantasy, Thriller, Dark romance, Spicy, Distopia, Ciencia Ficción;5 de cada mes;True;False;OK;ENTREGADO PENDIENTE PAGO LO FRAGIL;Envío por blue
Romina Silva ;mayo;2026.0;920309612;Romina| Silva|920309612| romi.silva16@gmail.com|aysén|coyhaique|Obispo vielmo 62;Adiós, París;Fantasia, Romance, Thriller;5 de cada mes;True;True;OK;ENTREGADO;Envío por blue
Johanna Mella;mayo;2026.0;+569942619419;Johanna/Mella/+56942619419/Johanna.mella2@gmail.com/Metropolitana/Maipú/Leonardo da Vinci #4805/;Las sirenas;Romance, Dark romance, Spicy;5 de cada mes;True;True;OK;ENTREGADO;Envio por paket
Natalia beroiza;mayo;2026.0;942105130;Natalia beroiza 942105130 Natalia.beroizac@gmail.com metropolitana san bernardo las águilas 782 entrar por los suspiros ;Deseos peligrosos;Romantasy, Dark romance, Spicy;31 de cada mes (o último día del mes);True;True;OK;ENTREGADO;Envio por paket
María Belén bugueño;mayo;2026.0;992022903;María/Bugueño/9-92022903/m_belen_26@yahoo.cl/Quinta región/Viña del mar/avenida el golf,pasaje teniente Merino,granadilla 1/#48/casa/Miraflores alto;La librería de los viernes;Fantasia, Romantasy, Thriller, Historico, Clásicos, Autores chilenos;31 de cada mes (o último día del mes);True;True;OK;ENTREGADO;Envio por paket
Zuleidy Gómez ;mayo;2026.0;921661012;Zuleidy|Gomez|921661012|zuleidylis@gmail.com|embalse la palma 5907|peñalolen|casa esquina;Bienvenidos a la librería;Fantasia, Romance, Romantasy, Dark romance, Spicy, Thriller psicológico, NO literatura asiática;5 de cada mes;True;True;OK;ENTREGADO;Envio por paket
Loreto Acevedo Vega;mayo;2026.0;+56976188512;Loreto|Acevedo|976188512|loretoacevedo66@gmail.com|Metropolitana|Macul|Santa Cristina|3180|depto 801|;Bienvenidos a la librería;Fantasia, Romance, Romantasy, Dark romance, Spicy;31 de cada mes (o último día del mes);True;False;OK;ENTREGADO;Retiro en Manuel montt
Francisca Nuñez;mayo;2026.0;+56957206850;Francisca|Núñez|957206850|fnunezr25@gmailcom|Valparaíso|Quilpué|Lago Budi|3072 casa esquina con reja de madera;Una nueva oportunidad;Fantasia, Romance, Romantasy, Thriller, Dark romance, Spicy;31 de cada mes (o último día del mes);True;True;OK;ENTREGADO;Envio por paket
Deniska Prada ;mayo;2026.0;983588097;Deniska Prada 983588097 pradapdeniska@gmail.com región de Antofagasta comuna calama pasaje Núñez 214, casa e10 condominio valle del inca, por la calle ciega ;Guardianes. Los condenados;Fantasia, Romance, Romantasy, LGTBQ+, Dark romance, Spicy, Ciencia Ficción;31 de cada mes (o último día del mes);True;False;OK;ENTREGADO;Envío por blue
Catherin Díaz;mayo;2026.0;984888334;Catherin Díaz 984888334 ktty.82@hotmail.com metropolitana Peñaflor Tres Norte 2539 casa ;Spiral;Fantasia, Romance, Romantasy, Thriller, Historico, Clásicos, Dark romance, Spicy, Distopia, Ciencia Ficción, Autores chilenos;31 de cada mes (o último día del mes);True;True;OK;ENTREGADO;Envio por paket
Kimberly Rodríguez ;mayo;2026.0;974599887;Retiro ;El día que dejó de nevar en Alaska;Romance, Historico, Dark romance, Spicy;5 de cada mes;True;False;OK;ENTREGADO;Retiro en Manuel montt
Stephanie Hernández Ospina ;mayo;2026.0;990758433;Stephanie Hernández Ospina /9 90758433 /shernandez.soluciones@gmail.com/ belisario prats1460 depto.1102A/comjna independencia ;Juego de reinas;Fantasia, Romance, Romantasy, Thriller, Clásicos, Dark romance, Spicy, Distopia, Ciencia Ficción, Autores chilenos;31 de cada mes (o último día del mes);True;True;OK;ENTREGADO;Retiro en Manuel montt
Aileen Pincheira ;mayo;2026.0;966502070;Aileen|Pincheira|966502070|aileen.vpm93@gmail.com|Región Metropolitana|Maipú|Marco Antonio|16767;Guardianes. Los condenados;Fantasia, Romance, Romantasy, Thriller, Dark romance, Spicy, Distopia;5 de cada mes;True;True;OK;ENTREGADO;Envio por paket
Claudia islas;mayo;2026.0;964834242;Retiro;Nuevo engaño;Romance, Romantasy, Dark romance, Spicy;5 de cada mes;True;False;OK;ENTREGADO;Retiro en Manuel montt
Millaray Valenzuela Carrasco ;mayo;2026.0;962891106;Millaray Valenzuela +569 62891106 Millarayv840@gmail.com Camino a roa sn puente 7 interior 1200, Minimarket santa carolina, Florida, Concepción, Chile Región Bio Bio;Josh y Hazel: Guía para el fracaso amoroso;Romance, Spicy;31 de cada mes (o último día del mes);True;True;OK;ENTREGADO;Envío por blue
Romina Osses aravena;mayo;2026.0;+56933761880;Romina Osses / 933761880 / Rominaosses06@gmail.com / región metropolitana/ puente alto/lago verdot 727/ entre avenida Chiloé y calle merlot;Bienvenidos a la librería;Fantasia, Romance, Poesía, Dark romance, Spicy;5 de cada mes;True;True;OK;ENTREGADO;Envio por paket
Carolina Ledezma García ;mayo;2026.0;964653935;Carolina Ledezma García | 964653935| Carolina.ivon1234@gmail.com|región de Coquimbo| comuna de Coquimbo| pasaje Octavio Paz 1381| Tierras Blancas ;Bienvenidos a la librería;Fantasia, Romance, Romantasy, Thriller, Historico, Poesía, Clásicos, LGTBQ+, Dark romance, Spicy, Distopia, Ciencia Ficción, Autores chilenos;31 de cada mes (o último día del mes);True;False;OK;ENTREGADO;Envío por blue
Rocío Sabella Calderón ;mayo;2026.0;954582579;Retiro;Juego de dos;Fantasia, Romance, Romantasy, Dark romance, Spicy;5 de cada mes;True;False;activa;ENTREGADO;Retiro en Manuel montt
Lidia Martin Repol;mayo;2026.0;933944347;Lidia Martin Repol | 933944347 | limartinrepol@gmail.com | RM | La Cisterna | trinidad Ramírez 1010 depto 408C la cisterna ;Las sirenas;Fantasia, Dark romance, Spicy;31 de cada mes (o último día del mes);True;True;OK;ENTREGADO;Envio por paket
Karla Vicencio Vargas;mayo;2026.0;+56948963291;Karla | Vicencio | +56948963291 | karla.vicencio28@gmail.com | Región Metropolitana | La Granja | Avenida Coronel | 7883 | Local “Yakamoz” .;La librería de los viernes;Fantasia, Poesía, Clásicos, Distopia, Ciencia Ficción, Autores chilenos;31 de cada mes (o último día del mes);True;True;OK;ENTREGADO, PENDIENTE PAGO;pago dia 10
Alvaro Martinez ;mayo;2026.0;942365556;Alvaro Martinez/ 942365556/ martinezolavealvaro@gmail.com/ metropolitana/ lo espejo/ México 2179;Bienvenidos a la librería;Fantasia, Romance, Romantasy, Dark romance, Spicy, Ciencia Ficción;5 de cada mes;True;True;OK;ENTREGADO;Envio por paket
Josefina Salgado;mayo;2026.0;930271505;"Josefina Salgado +56930271505 salgado.josefina1204@gmail.com Vicuña Mackenna 3, Depto 1403; providencia";Nuevo engaño;Fantasia, Romantasy, Dark romance;31 de cada mes (o último día del mes);True;True;OK;ENTREGADO;Envio por paket
Samara Neva;mayo;2026.0;+56978857182;Vanessa|Muñoz|+56978857182|samara.neva@gmail.com|Región del Bío bio|Concepción|Obispo Hipólito Salas 36, depto 906. Concepción;Las sirenas;Fantasia, Romance, Romantasy, Thriller, LGTBQ+, Distopia, Ciencia Ficción;5 de cada mes;True;True;OK;ENTREGADO;Envío por blue
Tamara caceres;mayo;2026.0;968419037;Tamara Caceres, 968419047, tamaracaceres2801@gmail.com, region metropolitana, santiago, santiago 1320 dep 714;Adiós, París;Fantasia, Romance, Romantasy, Dark romance, Spicy;5 de cada mes;True;True;OK;ENTREGADO;Envio por paket
Nehily ;mayo;2026.0;+56953983831;Nehily| Ruiz | +569 53983831 | nehilyr@gmail.com | Ñuble | Chillan | camino a las mariposas Km 7 | Local Gresus repara | al lado ferretería Ferrimas ;Adiós, París;Romance, Romantasy, Dark romance, Spicy;5 de cada mes;True;False;OK;ENTREGADO;Envío por blue
Francisca Flores;mayo;2026.0;+56969188061;Francisca | Flores | +56969188061 | floresrojasfrancisca4@gmail.com | RM | Providencia | Manuel Montt | 1920 | 302 ;Gaijin;thriller y suspenso, misterio, terror y horror, romance y fantasía;5 de cada mes;True;True;OK;ENTREGADO;Retiro en Manuel montt
Mailyn Bolívar ;mayo;2026.0;933213119;Mailyn /Bolivar/933213119/mailyndaylin@gmail.com/ región de atacama/ vallenar/valdivia/751/condominio los olivos/Dpto 205 ddpto 205D/;Guardianes. Los condenados;Fantasia, Romance, Dark romance, Ciencia Ficción;5 de cada mes;True;False;OK;ENTREGADO;Envío por blue
Joyce Herrera Stecher;mayo;2026.0;940968937;Joyce Herrera Stecher | +56940968937 | herrerastecher@gmail.com | R.Metropolitana | Maipú | Lisperguer | #418 | - | Pasaje Cerrado entre Santa Elena y El Tibet, llamar al llegar;Guardianes. Los condenados;Fantasia, Romance, Romantasy, Thriller, Dark romance, Spicy;5 de cada mes;True;True;OK;ENTREGADO;Envio por paket
Yoselyn Andrea Duguet Herrera;mayo;2026.0;+56963610708;Yoselyn Duguet Herrera/963610708/yoselynduguet19911@gmail.com/La Araucania/Temuco/Pozo blanco/02070/ casa ;Guardianes. Los condenados;Fantasia, Romance, Spicy;31 de cada mes (o último día del mes);True;False;OK;ENTREGADO;Envío por blue
Javiera López ;mayo;2026.0;920431950;Retiro;El día que dejó de nevar en Alaska;Dark romance, Romance;5 de cada mes;True;False;OK;ENTREGADO;Retiro en Manuel montt
Macarena Santana Cubillos;mayo;2026.0;956249007;Macarena | Santana Cubillos | 956249007 | m.santanacubillos@gmail.com | Antofagasta | Antofagasta | Quillota | 454 | Casa;La librería de los viernes;Fantasia, Romance, Romantasy, Clásicos, Dark romance, Spicy, Ciencia Ficción, Autores chilenos;5 de cada mes;True;False;OK;ENTREGADO;Envío por blue
Sofía Concha Mella;mayo;2026.0;939473821;"Sofía Concha; 9 3947 3821; sofi.acm0903@gmail.com; Metropolitana; La Florida; Sta Adela 2451; detras del vivo outlt La Florida.";Juego de reinas;Fantasia, Romance, Romantasy, Clásicos;31 de cada mes (o último día del mes);True;True;OK;ENTREGADO;Envio por paket
Loreto Freire;mayo;2026.0;967416556;Loreto|Freire|967416556|lorebustosfreire@gmail.com|metropolitana|La Cisterna|Avenida Goycolea 0122, depto 1515;La librería de los viernes;Romance, **Romantasy, Thriller, Historico, Ciencia Ficción;5 de cada mes;True;True;OK;ENTREGADO;Envio por paket
Emma Fernandez;mayo;2026.0;963334085;Emma|Fernandez|963334085|emmiliana.6@gmail.com|Maule|Curico| Longitudinal sur km 191| caletera curico| fuente curicana letrero rojo por caletera, costado derecho. ;La mesa de los solteros;Fantasia, Romance, Romantasy, Thriller, Dark romance, Spicy;5 de cada mes;True;False;OK;ENTREGADO;Envío por blue
Ana María Cortés Herrera;mayo;2026.0;+56966429200;Ana María Cortés Herrera | 966429200 | cortesherrera.ana@gmail.com | Región Atacama | Copiapó | Pasaje sur uno | 1789 | Población Santa Elvira;El día que dejó de nevar en Alaska;Romance, Thriller, Spicy;5 de cada mes;True;False;OK;ENTREGADO;Envío por blue
Ivonne Martinez Henriquez ;mayo;2026.0;+56990087936;Ivonne Martinez Henriquez/ ivonne.martinez.polca@gmail.com/araucania/pucon/caburgua alto kilometro 3/ sin numero/ porton de madera letrero huincalafquien y frente hay vasureros comunitarios ;Bienvenidos a la librería;Fantasia, Romance, Romantasy, Thriller, LGTBQ+, Dark romance, Spicy, Ciencia Ficción;5 de cada mes;True;False;OK;ENTREGADO;Envío por blue
Beatriz Fuenzalida;junio;2026.0;991307408;Nombre: Beatriz Fuenzalida/ RUT: 18803298-2/ Dirección: Bernardino 1978, Puerto Montt /Telefono:991307408;Siembra negra;Fantasia, Romantasy, Thriller, Dark romance, Distopia, Autores chilenos;31 de cada mes (o último día del mes);True;False;activa;OK;Envío por blue
Jennifer Price;junio;2026.0;972503147;jpricerudd@gmail.com | avenida colin 996 talca punto copec;Quedará el amor;Fantasia, Romance, Romantasy, Thriller, Clásicos, Dark romance, Spicy;5 de cada mes;True;True;activa;OK;Envío por blue
Kelly Araneda;junio;2026.0;9 9055 9390;Ignacio carrera pinto 650 depto E104, Villa Alemana, Región de Valparaíso;;Dark romance;5 de cada mes;True;True;activa;OK;Envio por paket
Muriel arancibia castillo ;junio;2026.0;947454268;RETIRO;Cuando no queden más estrellas que contar;Fantasia, Romance, Romantasy, Thriller, LGTBQ+, Dark romance, Spicy;31 de cada mes (o último día del mes);True;False;activa;OK;Retiro en Manuel montt
Jocelyn Robledo Rodriguez;junio;2026.0;+56964825883;Jocelyn| Robledo|+56964825883| josyrobledo1997@gmail.com| Atacama| Copiapó| Avenida Volcan Doña Ines| 905| Depto 307A| ;Mejor que en las películas;Romance, Romantasy, Dark romance, Spicy;31 de cada mes (o último día del mes);True;False;activa;OK;Envío por blue
Ninoska Jaque Tobar;junio;2026.0;990699390;Dirección: José Simón Cañas 4317, Pedro Aguirre Cerda;Cuando no queden más estrellas que contar;Fantasia, Romance, Romantasy, Dark romance, Spicy;5 de cada mes;True;True;activa;OK;Envio por paket
Valentina Suarez Castillo;junio;2026.0;998917524;Nombre: Valentina Suarez Castillo  Dirección: Prolongacion solidaridad 987  Ciudad: Chillan Comuna:Chillan viejo Telefono: 998917524 Email: valentinabeatrizsc99@gmail.com;Guardianes. Los condenados;Fantasia, Romance, Romantasy, LGTBQ+, Dark romance, Spicy;31 de cada mes (o último día del mes);True;False;activa;OK;Envío por blue
Eileen carreño bobadilla;junio;2026.0;+56931024142;Retiro;Siembra negra;Romance, Romantasy, Dark romance, Spicy;5 de cada mes;True;False;activa;OK;Retiro en Manuel montt
Carla Cáceres Reyes ;junio;2026.0;986959442;Av departamental 4570 depto N504 ;Canto de tormentos;Fantasia, Romance, Romantasy, Thriller, Clásicos, LGTBQ+, Dark romance, Spicy, Distopia, Ciencia Ficción, Autores chilenos;31 de cada mes (o último día del mes);True;True;activa;OK;Envio por paket
Carmen Gloria Gallardo Mella ;junio;2026.0;944666836;carmengloriagallardo@gmail.com Séptimo de línea 1009, población San Felipe, V región ;Antes de verte;Romance, Dark romance, Spicy;5 de cada mes;True;True;activa;OK;Envío por blue
Catalina Pacheco acuña ;junio;2026.0;958163334;Av 5 de Abril 5334 A estación central ;La bella y la bestia;Fantasia, Romance, Romantasy, Historico, Clásicos, Dark romance, Spicy, Distopia, Ciencia Ficción;5 de cada mes;True;True;activa;OK;Envio por paket
Daniela Quidel;junio;2026.0;9 9142 5971;PUNTO BLUE Av. Juvencio Ovalle 1564, Nueva Imperial, ARAUCANIA | danielagquidelp@gmail.com;Sight Unseen;Romance, Romantasy, Dark romance, Spicy;31 de cada mes (o último día del mes);True;True;activa;OK;Envío por blue
Daniela valdevenito;junio;2026.0;9 2627 3492;Badén powell #249 belloto quilpue;Donde mora la oscuridad;Dark romance, romantasy y thriller psicologico;5 de cada mes;True;True;activa;OK;Envío por blue
Denisse lizama;junio;2026.0;956076330;8 sur 3315  962808037 ElianaLo Espejo;Verity;Romance, Romantasy, Dark romance, Spicy;31 de cada mes (o último día del mes);True;True;activa;OK;Envio por paket
Evaluna Godoy ;junio;2026.0;56994447406;Padre acosta 389-2 cerro Bellavista Valparaíso ;Viajando con Megan;Fantasia, Romantasy, Thriller, Clásicos, Distopia;31 de cada mes (o último día del mes);True;True;activa;OK;Envio por paket
Isidora Reyes;junio;2026.0;933522160;;Antes de verte;Fantasia, Romance, Romantasy, Thriller, LGTBQ+, Dark romance, Spicy, Distopia, Ciencia Ficción;5 de cada mes;True;False;activa;OK;Retiro en Manuel montt
Lissette Toloza Gonzalez ;junio;2026.0;+56991200333;Lizzyausten5@gmail.com|Pasaje 9 casa 355 sexto sector Playa Ancha Valparaiso ;Medium;Romance, Thriller, Clásicos, Autores chilenos;31 de cada mes (o último día del mes);True;True;OK;OK;Envío por blue
Maheva López;junio;2026.0;+569 99059635;RETIRO;Encantamiento frágil;Fantasia, Romantasy, Historico;5 de cada mes;True;False;activa;OK;Retiro en Manuel montt
Mariana parra;junio;2026.0;963531241;Bacteriológico 10344;El susurro de las estrellas;Fantasia, Historico, LGTBQ+, Distopia;31 de cada mes (o último día del mes);True;True;activa;OK;Envio por paket
Neldy Montecinos ;junio;2026.0;976459305;puerto montt 18839, maipu;Mis lunes con aroma a matcha;Fantasia, Romance, Romantasy, Poesía, Clásicos, LGTBQ+, Spicy, Distopia, Ciencia Ficción, Autores chilenos;31 de cada mes (o último día del mes);True;True;activa;OK;Envio por paket
Piera Rodriguez ;junio;2026.0;955153445;José Ignacio López 02772, Jardines del sur, Antofagasta;;Dark romance, Spicy, Thriller;31 de cada mes (o último día del mes);True;False;activa;OK;Envío por blue
VALESKA RIQUELME ;junio;2026.0;974887191;Pasaje 2 casa 444 Villa Los Lirios Manzanal Rancagua;Seis litros promedio;Romance, Romantasy, Thriller, Dark romance, Spicy;5 de cada mes;True;True;activa;OK;Envio por paket
CAROLINA BUSTOS;junio;2026.0;974772556;AVDA. LOS LIBERTADORES 7209, DEPTO J237. CERRILLOS;Viajando con Megan;Romance, Romantasy, Thriller, Dark romance, Spicy, Autores chilenos;5 de cada mes;True;True;activa;OK;Envio por paket
Patricia Jara Lillo;junio;2026.0;932385263;Conde de manso 1150, dpto G-203, condominio casas patronales, melipilla. ;;Fantasia, Romance, Romantasy, Thriller, LGTBQ+, Dark romance, Spicy, Distopia, Ciencia Ficción;31 de cada mes (o último día del mes);True;True;activa;AÑADIR 3 LIBROS DE ELSIE ;Envio por paket
Soledad Espinoza;junio;2026.0;993391219;sespinozachamorro@gmail.com | Oficina tricolor 232 portada del norte 2 , antofagasta;El retorno de Rachel Price;Fantasia, Romantasy, Thriller, Spicy, Ciencia Ficción, Autores chilenos, (STOP Romance y asiaticos);5 de cada mes;True;True;activa;OK;Envío por blue
Catalina Villarroel López ;junio;2026.0;+56976173218;Catalina Paz Villarroel Lopez 20.006.252-3 Los alerces 2660, depto 806 Ñuñoa Santiago +56976173218;Lady Macbeth;Fantasia, Romance, Romantasy, Thriller, Spicy, Distopia, Ciencia Ficción;31 de cada mes (o último día del mes);True;True;activa;OK;Envio por paket
Silvana Núñez ;junio;2026.0;+56984480347;;Gente que conocemos en vacaciones;Fantasia, Romance, Romantasy, Thriller, Dark romance;31 de cada mes (o último día del mes);True;True;activa;OK;Retiro en Manuel montt
Kimberly bugueño;junio;2026.0;+56965875600;Conde duque 1618, calama, region de antofagasta;Teoría Kim;Fantasia, Romance, Romantasy, Thriller, LGTBQ+, Dark romance, Spicy, Distopia, Ciencia Ficción, Autores chilenos;5 de cada mes;True;False;activa;OK;Envío por blue
Dubraska Martínez ;junio;2026.0;926258610;Dubraska Martínez. 926258610. Lineth.19.2004@gmail.com. Antofagasta comuna Calama. Río de Janeiro 1561. Departamento número 3. Frente a un taller mecánico ;Cuando no queden más estrellas que contar;Romance, Romantasy, Dark romance;5 de cada mes;True;True;activa;OK;Envío por blue
Kimberly Hellen Bravo Balladares;junio;2026.0;959709589;Población Carlos González Calle Obispo Manuel Larraín #430, Maule | kimyhellen2017@gmail.com;Donde mora la oscuridad;Romance, Romantasy, Dark romance, Spicy;5 de cada mes;True;False;activa;OK;Envío por blue
Maria Paz Ramirez;junio;2026.0;940320437;San miguel 25, sitio 06. Condominio Sta Maria de Liray. Colina (sector liray);Cuando despierten las flores;Fantasia, Romance, Romantasy, Thriller, Historico, Dark romance, Spicy, Ciencia Ficción, Autores chilenos;5 de cada mes;True;True;OK;OK;envio por paket
Carla Castro;junio;2026.0;926235854;Misael Escuti 1454, puerto Montt;Lady Macbeth;Fantasia, Romantasy, Thriller, Dark romance, Spicy;5 de cada mes;True;False;activa;OK;Envío por blue
Antonia Pavez;junio;2026.0;953240040;Avenida Miguel letelier parcela 7 ruta G546 pintué Comuna de paine Referencia: almacén la aguilina;Siempre fuiste tú;Fantasia, Romantasy, LGTBQ+, Spicy, Distopia;5 de cada mes;True;False;activa;OK;Envio por paket
Macarena Zuñiga ;junio;2026.0;+56937646929;Lampa larapinta calle el pellin 529;Lady Macbeth;Fantasia, Romance, Thriller, Dark romance, Spicy;5 de cada mes;True;True;OK;OK;Envio por paket
Karen Rojas ;junio;2026.0;9 77516082 ;Karen Rojas/ 977516082/ rojaskaren627@gmail.com/ Metropolitana/ Paine / Cerro Challay 627/ Es calle, no es pasaje;La mesa de los solteros;Fantasia, Romance, Romantasy, Thriller, Clásicos, Distopia, Ciencia Ficción, Autores chilenos;5 de cada mes;True;True;activa;OK;Envio por paket
Karen Llanten Zuñiga ;junio;2026.0;999169201;Los Perales 213 Quilicura ;Bestiario;Fantasia, Romance, Romantasy, Thriller, Historico, Clásicos, LGTBQ+, Dark romance, Spicy, Distopia, Ciencia Ficción, Autores chilenos;5 de cada mes;True;True;activa;OK;Envio por paket
Camila Alcorta;junio;2026.0;971473382;Punto Blue Express francia 2651 tienda mi cielo, VALDIVIA, región de los rioscamila.alcortag@gmail.com;Cuando el cielo se vuelva amarillo;Romance mamón, Romantasy, Thriller, Dark romance, Spicy;5 de cada mes;True;True;activa;OK;Envío por blue
Karina Castillo ;junio;2026.0;966165886;correo karinaa.castillodiaz@gmail.com Cardenal raul silva henriquez 1251, coquimbo;Viajando con Megan;Fantasia, Romance, Romantasy, Thriller, Dark romance, Spicy, Distopia, Ciencia Ficción, Autores chilenos;31 de cada mes (o último día del mes);True;False;activa;OK;Envío por blue
Paula Oviedo Atuntaya;junio;2026.0;+56 9 8437 7267;Punto Blue Express Copec Av. Argentina 1103 antofagasta | pconstanza.oviedo@gmail.com;Delirio encantador;Romance (sport,historico,found family), Romantasy (ligero), Dark Romance, Spicy, Distopia;5 de cada mes;True;True;activa;OK;Envío por blue
Camila Martínez ;junio;2026.0;+56959388381;camifernanda30@gmail.com,Candelaria,198,El Carmen,San Pedro de Atacama;Lady Macbeth;Fantasia, Romance, Romantasy, Thriller, Clásicos, Ciencia Ficción;5 de cada mes;True;False;activa;OK;Envío por blue
Amanda Castillo;junio;2026.0;944499029;Santa Teresa 1874, Huechuraba;;Fantasia, Romance, Romantasy, Thriller, Clásicos, Dark romance, Spicy, Distopia, Ciencia Ficción. Libros conocidos en tiktok,ig;5 de cada mes;True;False;activa;OK;Envio por paket
Javiera Navarrete Fuentes;junio;2026.0;+56963730522;javiera navarrete fuentes / 18.574.814-6 / Calle Rosas 210, Constitucion. Región del Maule;Siembra negra;Fantasia, Romantasy, Dark romance, Spicy;5 de cada mes;True;False;activa;OK;Envío por blue
Annais Sandoval;junio;2026.0;+569 5437 2607;"Av. Walker Martinez 1000, la florida
Dpto 111, torre B";Nightshade;Fantasia, Romance, Romantasy, Thriller, Clásicos, Dark romance, Spicy, Distopia, Ciencia Ficción;5 de cada mes;True;True;activa;OK;Envio por paket
Maria Ampuero Morales ;junio;2026.0;+56 9 3178 1771;Brsilia 1282, villa el sauce, comuna de Padre Hurtado, santiago, región metropolitana ;No Eres mi Alma Gemela;Fantasia, Romantasy, Thriller, Clásicos, Dark romance, Spicy, Distopia, Ciencia Ficción, autores chilenos;5 de cada mes;False;False;activa;OK/PENDIENTE PAGO;Envio por paket
Sheyla Robles Santander;junio;2026.0;930683956;sheyla.robles@gmail.com|El Roble #211, ovalle ;Te odio con amor;Fantasia, Romance, Romantasy, Dark romance, Spicy;31 de cada mes (o último día del mes);True;True;activa;OK;Envío por blue
Kassandra Jerez Montoya ;junio;2026.0;932641811;Plaza las pintoras 895, machalí  | kassandra.jerezm@gmail.com;Twisted Love;Fantasia, Romance, Romantasy, Dark romance, Spicy;5 de cada mes;True;True;activa;OK;Envio por paket
Anahi Barcena;junio;2026.0;56965385688;Anahi Barcena Saavedra - avenida Circunvalacion 174 Poblacion Alfredo Lorca - Punta Arenas | Anhybarcena@gmail.com ;Las sirenas;Fantasia, Romance, Clásicos;5 de cada mes;True;True;activa;OK;Envío por blue
Mariana Arzola;junio;2026.0;961436872;Mariana Arzola|961436872|mariana24@gmail.com|BioBio|Los angeles|Nueva costanera|1214|Cerca de acuenta las azaleas.;Asesina de dioses;Fantasia, Romance, Romantasy, Poesía, Clásicos, LGTBQ+, Dark romance, Spicy, Distopia, Ciencia Ficción, Autores chilenos;31 de cada mes (o último día del mes);True;False;activa;OK;Envío por blue
Nicol Fuentes;junio;2026.0;962070141;;Cuando no queden más estrellas que contar;Fantasia, Romance, Romantasy, Clásicos, Distopia, Ciencia Ficción, Autores chilenos;31 de cada mes (o último día del mes);True;False;activa;OK;Retiro en Manuel montt
Rosa Moreno ;junio;2026.0;+56934157330;;Bienvenidos a la librería;Fantasia, Romance, Romantasy, Thriller, Dark romance, Spicy;5 de cada mes;True;False;activa;OK;Retiro en Manuel montt
Daniela Martínez Colombo;junio;2026.0;981868530;Agua Santa 2554 Independencia, Región Metropolitana;Las sirenas;Romance, Romantasy, Thriller, Historico, Spicy, Autores chilenos;5 de cada mes;True;True;activa;OK;Envio por paket
Rayen allendes;junio;2026.0;+56931860760;Bombero Hugo Olguín 7315 cerrillos;Sight Unseen;Fantasia, Romance, Romantasy, Thriller, Clásicos, LGTBQ+, Dark romance, Spicy, Distopia, Ciencia Ficción, Autores chilenos;5 de cada mes;True;True;activa;OK;Envio por paket
Judith Vargas;junio;2026.0;+56934454499;Rio yeso 3736 puente alto;Siempre fuiste tú;Romance, Thriller, LGTBQ+, Dark romance, Spicy, Autores chilenos;5 de cada mes;True;True;activa;OK;Envio por paket
Gabriela Cruz Payacán;junio;2026.0;+56994502458;Cuadro Verde 140, Torre 10, Depto 128, Condominio Arcadia, Estación Central;Lady Macbeth;Fantasia, Romance, Romantasy, Thriller, Clásicos, Dark romance, Distopia, Ciencia Ficción, Autores chilenos;31 de cada mes (o último día del mes);True;True;activa;OK;Envio por paket
Nydia Guerrero;junio;2026.0;961494415;Gran avenida José Miguel Carrera 4310 depto. 1810 San Miguel;Lady Macbeth;Fantasia, Romantasy, Thriller, Dark romance, Distopia;31 de cada mes (o último día del mes);True;True;activa;OK;Envio por paket
VALENTINA HURTADO;junio;2026.0;962327369;Angamos 8379, la cisterna;Donde mora la oscuridad;Romance, Romantasy, Dark romance, Spicy;5 de cada mes;True;True;activa;OK;Envio por paket
Constanza Henríquez González;junio;2026.0;9 8465 2764;Linares 1249, Cerro Navia. Población Irene Belmar.;Delirio encantador;Fantasia, Romance, Romantasy, Clásicos, LGTBQ+, Dark romance, Spicy, Distopia, Autores chilenos;31 de cada mes (o último día del mes);True;True;activa;OK;Envio por paket
Vianney lastra;junio;2026.0;982538178;982538178 | German riesco 467 , chanco  región del maule;Cartas de otro mundo;Fantasia, Romance, Romantasy, Historico, LGTBQ+, Dark romance, Spicy, Distopia, Ciencia Ficción;5 de cada mes;True;False;activa;OK;Envío por blue
Constanza espinoza;junio;2026.0;983380238;;Encantamiento frágil;Dark academy, Romantasy, Dark romance, Spicy;5 de cada mes;True;False;activa;OK;Retiro en Manuel montt
Melanie Thomas;junio;2026.0;933933872;;Adiós, París;Fantasia, Romance, Romantasy, Thriller, Clásicos, Dark romance, Spicy, Distopia, Ciencia Ficción, Autores chilenos;31 de cada mes (o último día del mes);True;False;activa;OK;Retiro en Manuel montt
Javiera Alcántara Díaz;junio;2026.0;962984664;Javi.alcantara01@gmail.com Aytue, Pasaje 1, Sexta Casa a Mano Izquierda, Chimbarongo;Lady Macbeth;Fantasia, Romantasy, Thriller, Historico, Clásicos, Distopia, Autores chilenos;5 de cada mes;True;True;activa;OK;Envío por blue
Francisca Reyes Bórquez;junio;2026.0;+569 66540508;Retiro;Máscara de gato;Fantasia, Romantasy, Thriller, Historico, Clásicos, Dark romance, Spicy, Distopia, Ciencia Ficción, Autores chilenos, (Por ahora no romance);5 de cada mes;True;False;activa;OK;Retiro en Manuel montt
Pamela Tapia;junio;2026.0;984161448;Victor troncos Muñoz 121 casa 120 Buin ;Verity;Romance, Thriller, Clásicos, Ciencia Ficción;5 de cada mes;True;True;activa;OK;Envio por paket
Catalina Martínez Alvarez ;junio;2026.0;968994018;Talcan 262, maipu (santiago);Maxton Hall;Fantasia, Romance, Romantasy, Poesía, Clásicos, Dark romance, Spicy, Distopia;5 de cada mes;True;True;activa;OK;Envio por paket
Paloma pastenes;junio;2026.0;992457021;Colihue 670, maipú;Una nueva oportunidad;Fantasia, Romance, Romantasy, Thriller, Dark romance, Spicy, Ciencia Ficción;5 de cada mes;True;True;activa;OK;Envio por paket
Camila Osorio;junio;2026.0;+56956031365 ;mi dirección es: Cristobal Colón 3837, Las Condes. Dpto 106 ;Fragilidad de un corazón bajo la lluvia;romance;31 de cada mes (o último día del mes);True;True;activa;OK;Envio por paket
Gabriela Paz Toro Muñoz;junio;2026.0;+56923917111;Pasaje Cosmos 2882, Maipu;La bella y la bestia;Fantasía / Romantasy / Dark Romance / Spicy / Clásicos;5 de cada mes;True;True;activa;OK;Envio por paket
Francis Andrade;junio;2026.0;957245618;Francis Andrade Mancilla 957245618 Isla picto 3430 / coyhaique / Fraanandrade29@gmail.com;Canto de tormentos;Fantasia, Romance, Thriller;5 de cada mes;True;False;activa;OK;Envío por blue
NATALIA NUNEZ AGUIRRE;junio;2026.0;995705125;SANTA MARIA 204, RANCAGUA;Lady Macbeth;Fantasia, Romance, Romantasy, Clásicos, Dark romance, Spicy, Ciencia Ficción;5 de cada mes;True;True;activa;OK;Envio por paket
Ana Pereira Rusque;junio;2026.0;968592139;Pasaje 13 #439 nueva peñaflor. Comuna Peñaflor.;Delirio encantador;Fantasia, Romance, Romantasy, Thriller, LGTBQ+, Dark romance, Spicy;31 de cada mes (o último día del mes);True;True;activa;OK;Envio por paket
Luis Pérez (Danae Martínez);junio;2026.0;950665888;Pasaje Hispania 290 Villa San Pablo Paine Danae Martínez 19.925.470-7;No deberíamos;Romance, Thriller, Dark romance, Spicy;31 de cada mes (o último día del mes);True;True;activa;OK;Envio por paket
Catalina Pardo Guerra;junio;2026.0;963724136;Britania 1077, Villa Alemana, Valparaíso.;Cuando no queden más estrellas que contar;Fantasia, Romantasy, Dark romance, Spicy, Distopia;31 de cada mes (o último día del mes);True;False;activa;OK;Envio por paket
Macarena Carrillo Orellana;junio;2026.0;987170884;Los Mercedarios #81. Villa defensa Nacional. Chillan. Ñuble.;La mesa de los solteros;Romance, Romantasy, Dark romance, Spicy;5 de cada mes;True;False;activa;OK;Envío por blue
Consuelo Cisternas ;junio;2026.0;+56930101813;Consuelo Cisternas +56930101813 cisternas.consuelo98@gmail.com / Cerro San Cristóbal 1193, Depto B31 Comuna Pudahuel ;Fragilidad de un corazón bajo la lluvia;Fantasia, Romance, Romantasy, Thriller, Dark romance;31 de cada mes (o último día del mes);True;True;activa;OK;Envio por paket
Laura Pizarro ;junio;2026.0;+56 9 59602034;Avenida estación 227 Los vilos, región de coquimbo;Lady Macbeth;Fantasia, Romance, Romantasy, LGTBQ+, Dark romance, Spicy, Distopia;31 de cada mes (o último día del mes);True;False;activa;OK;Envío por blue
Tatiana Vejar Diaz;junio;2026.0;9 63306403;tatiana.vejar.diaz@gmail.com|Calle las Dalias 665, Villa el Mirador, Comuna Lautaro, Novena región;Yo en tu casa, tú en la mía;Fantasia, Romance, Romantasy, Dark romance, Spicy;31 de cada mes (o último día del mes);True;True;activa;OK;Envío por blue
Ivana Cortez Donoso;junio;2026.0;961291164;Ivana Cortez Donoso / 961291164 / icortezdonoso@gmail.com / zavattaro 61 porvenir, magallanes;;Fantasia, Romance, Romantasy, Thriller, Clásicos, Dark romance, Spicy, Distopia, Ciencia Ficción, Autores chilenos;31 de cada mes (o último día del mes);True;False;activa;añadir has llamado a sam;Envio por blue
Mayra Lopez;junio;2026.0;990648060;Pasaje Eduardo Anguita 1974, Colina, Santiago.;Lady Macbeth;Fantasia, Romantasy, Dark romance, Distopia;5 de cada mes;True;True;activa;OK;Envio por paket
Arantza Valentina Tobar Trengove;junio;2026.0;+56966260420;retiro;Viajando con Megan;Fantasia, Romance, Romantasy, Thriller, Dark romance, Spicy, Distopia;31 de cada mes (o último día del mes);True;False;activa;OK;Retiro en Manuel montt
Fabian Gonzalez Vasquez;junio;2026.0;+56990872362;Calle 124 casa 1051 Peñalolen;Canto de tormentos;Fantasia, Romance, Romantasy, Thriller, LGTBQ+, Dark romance, Spicy, Distopia;31 de cada mes (o último día del mes);True;True;;OK;Envio por paket
Daniela Trespalacios;junio;2026.0;999494393;Pirineos 2115 - Depto 406 Providencia - Santiago;Lady Macbeth;Fantasia, Romance, Romantasy, Thriller;31 de cada mes (o último día del mes);True;True;;OK;Envio por paket
María José Villablanca ;junio;2026.0;988265229;mariajose.icq@gmail.com|Punto Blue Express Copec Freire Esq. Amunategui collipulli ;Lady Macbeth;Fantasia, Romance, Romantasy, Poesía, Clásicos, Distopia;5 de cada mes;True;True;;OK;Envío por blue
Valeria Torres Fuentes;junio;2026.0;+56 9 95797452;El Olmo 5, N° 7651, La Reina;Lady Macbeth;Fantasia, Thriller, Dark romance, Distopia;31 de cada mes (o último día del mes);True;True;;OK;Envio por paket
Daniela Saavedra ;junio;2026.0;+56 9 9658 4394;Rolando Petersen #1607 Casa esquina con soure;Lady Macbeth;Fantasia, Romance, Romantasy, Thriller, Dark romance, Spicy;31 de cada mes (o último día del mes);True;False;;OK;Envio por paket
Constanza Muñoz ;junio;2026.0;977303080;J-415 teno chile. SAN CRISTOBAL SITIO 11 REFERENCIA TENO | Constanzamo39@gmail.com;Querido vecino;Fantasia, Romance, Romantasy, Thriller, Clásicos, Dark romance, Spicy, Ciencia Ficción, Autores chilenos;5 de cada mes;True;True;;OK;Envío por blue
vanesa maulen zanga;junio;2026.0;930877331;jahzeel jeria samit 936061072 hazheelsamit@gmail.com Punto blueexpres coyhaique.  Baquedano 1578 ENVIO EN CONJUNTO CON VANNESA MAULEN;Viajando con Megan;Fantasia, Romance, Romantasy, Dark romance, Distopia;5 de cada mes;True;False;;ARMADO PERO PENDIENTEENVIAR 4 LIBROS DE HAZHEL Y ELLAS);Envío por blue
HAZHEEL JERIA SAMIT ;junio;2026.0;936961072;jahzeel jeria samit 936061072 hazheelsamit@gmail.com Punto blueexpres coyhaique.  Baquedano 1578 ENVIO EN CONJUNTO CON VANNESA MAULEN;;Thriller;5 de cada mes;True;True;;OK;Envío por blue
Derly Vanessa Carrillo Cardona ;junio;2026.0;934553940;san diego 1344 205 oriente Santiago centro;Viajando con Megan;Fantasia, Romance, Romantasy, Dark romance, Spicy;5 de cada mes;True;True;;OK;Envio por paket
montserrat soto lecaros ;junio;2026.0;988763405;montserrat belen| soto lecaros| 988763405| montserratsotolecaros@gmail.com| valparaiso| villa alemana| los suspiros | 0605| como referencia casa esquina amarilla ;Delirio encantador;Romance, Romantasy, Dark romance, Spicy;31 de cada mes (o último día del mes);True;True;;OK;Envio por paket
Constanza Fabiola Astorga Espinozq ;junio;2026.0;+56945543197;Constanza Astorga | +56945543197 | luvkmddeonu@gmail.com | Metropolitana | Quilicura | Recife #1078;Un verano en el campamento;Fantasia, Romance, Romantasy, LGTBQ+, Dark romance, Spicy;31 de cada mes (o último día del mes);True;True;;OK;Envio por paket
Romina Silva ;junio;2026.0;920309612;Romina| Silva|920309612| romi.silva16@gmail.com|aysén|coyhaique|Obispo vielmo 62;Asesina de dioses;Fantasia, Romance, Thriller;5 de cada mes;True;True;;OK;Envío por blue
Johanna Mella;junio;2026.0;+569942619419;Johanna/Mella/+56942619419/Johanna.mella2@gmail.com/Metropolitana/Maipú/Leonardo da Vinci #4805/;Josh y Hazel: Guía para el fracaso amoroso;Romance, Dark romance, Spicy;5 de cada mes;True;True;;OK;Envio por paket
Natalia beroiza;junio;2026.0;942105130;Natalia beroiza 942105130 Natalia.beroizac@gmail.com metropolitana san bernardo las águilas 782 entrar por los suspiros ;La mesa de los solteros;Romantasy, Dark romance, Spicy;31 de cada mes (o último día del mes);True;True;;OK;Envio por paket
María Belén bugueño;junio;2026.0;992022903;María/Bugueño/9-92022903/m_belen_26@yahoo.cl/Quinta región/Viña del mar/avenida el golf,pasaje teniente Merino,granadilla 1/#48/casa/Miraflores alto;Alicia en el país de las ideas;Fantasia, Romantasy, Thriller, Historico, Clásicos, Autores chilenos;31 de cada mes (o último día del mes);True;True;;OK;Envio por paket
Zuleidy Gómez ;junio;2026.0;921661012;Zuleidy|Gomez|921661012|zuleidylis@gmail.com|embalse la palma 5907|peñalolen|casa esquina;La mecánica del amor;;5 de cada mes;True;True;;OK;Envio por paket
Loreto Acevedo Vega;junio;2026.0;+56976188512;Loreto|Acevedo|976188512|loretoacevedo66@gmail.com|Metropolitana|Macul|Santa Cristina|3180|depto 801|;Lady Macbeth;Fantasia, Romance, Romantasy, Dark romance, Spicy;31 de cada mes (o último día del mes);True;False;;OK;Retiro en Manuel montt
Deniska Prada ;junio;2026.0;983588097;Deniska Prada 983588097 pradapdeniska@gmail.com región de Antofagasta comuna calama pasaje Núñez 214, casa e10 condominio valle del inca, por la calle ciega ;Lady Macbeth;Fantasia, Romance, Romantasy, LGTBQ+, Dark romance, Spicy, Ciencia Ficción;31 de cada mes (o último día del mes);True;False;;OK;Envío por blue
Karla Jaramillo Sayes;junio;2026.0;56930950996;Retiro;Lady Macbeth;Fantasia, Romance, Romantasy, Historico, Dark romance, Spicy, Distopia, Ciencia Ficción;5 de cada mes;True;False;;OK;Retiro en Manuel montt
Catherin Díaz;junio;2026.0;984888334;Catherin Díaz 984888334 ktty.82@hotmail.com metropolitana Peñaflor Tres Norte 2539 casa ;Alicia en el país de las ideas;Fantasia, Romance, Romantasy, Thriller, Historico, Clásicos, Dark romance, Spicy, Distopia, Ciencia Ficción, Autores chilenos;31 de cada mes (o último día del mes);True;False;;OK;Envio por paket
Kimberly Rodríguez ;junio;2026.0;974599887;Retiro ;El secreto de su mente;Romance, Historico, Dark romance, Spicy;5 de cada mes;True;False;;OK;Retiro en Manuel montt
Stephanie Hernández Ospina ;junio;2026.0;990758433;Stephanie Hernández Ospina /9 90758433 /shernandez.soluciones@gmail.com/ belisario prats1460 depto.1102A/comjna independencia ;Medium;Fantasia, Romance, Romantasy, Thriller, Clásicos, Dark romance, Spicy, Distopia, Ciencia Ficción, Autores chilenos;31 de cada mes (o último día del mes);True;False;;OK;Retiro en Manuel montt
Aileen Pincheira ;junio;2026.0;966502070;Aileen|Pincheira|966502070|aileen.vpm93@gmail.com|Región Metropolitana|Maipú|Marco Antonio|16767;Verity;Fantasia, Romance, Romantasy, Thriller, Dark romance, Spicy, Distopia;5 de cada mes;True;True;;OK;Envio por paket
Claudia islas;junio;2026.0;964834242;Retiro;Apuesto por nosotros;Romance, Romantasy, Dark romance, Spicy;5 de cada mes;True;False;;OK;Retiro en Manuel montt
Millaray Valenzuela Carrasco ;junio;2026.0;962891106;Millaray Valenzuela +569 62891106 Millarayv840@gmail.com Camino a roa sn puente 7 interior 1200, Minimarket santa carolina, Florida, Concepción, Chile Región Bio Bio;Juego de dos;Romance, Spicy;31 de cada mes (o último día del mes);True;True;;OK;Envío por blue
Romina Osses aravena;junio;2026.0;+56933761880;Romina Osses / 933761880 / Rominaosses06@gmail.com / región metropolitana/ puente alto/lago verdot 727/ entre avenida Chiloé y calle merlot;De rodillas;Fantasia, Romance, Poesía, Dark romance, Spicy;5 de cada mes;True;True;;OK;Envio por paket
Carolina Ledezma García ;junio;2026.0;964653935;Carolina Ledezma García | 964653935| Carolina.ivon1234@gmail.com|región de Coquimbo| comuna de Coquimbo| pasaje Octavio Paz 1381| Tierras Blancas ;Lady Macbeth;Fantasia, Romance, Romantasy, Thriller, Historico, Poesía, Clásicos, LGTBQ+, Dark romance, Spicy, Distopia, Ciencia Ficción, Autores chilenos;31 de cada mes (o último día del mes);True;False;;OK;Envío por blue
Rocío Sabella Calderón ;junio;2026.0;954582579;Retiro;Nightshade;Fantasia, Romance, Romantasy, Dark romance, Spicy;5 de cada mes;False;False;;ARMADO;Retiro en Manuel montt
Karla Vicencio Vargas;junio;2026.0;+56948963291;Karla | Vicencio | +56948963291 | karla.vicencio28@gmail.com | Región Metropolitana | La Granja | Avenida Coronel | 7883 | Local “Yakamoz” .;Recuérdame, Alice;Fantasia, Poesía, Clásicos, Distopia, Ciencia Ficción, Autores chilenos;31 de cada mes (o último día del mes);True;False;;OK | pago dia 10;Envio por paket
Josefina Salgado;junio;2026.0;930271505;"Josefina Salgado +56930271505 salgado.josefina1204@gmail.com Vicuña Mackenna 3, Depto 1403; providencia";Lady Macbeth;Fantasia, Romantasy, Dark romance;31 de cada mes (o último día del mes);True;True;;OK;Envio por paket
Samara Neva;junio;2026.0;+56978857182;Vanessa|Muñoz|+56978857182|samara.neva@gmail.com|Región del Bío bio|Concepción|Obispo Hipólito Salas 36, depto 906. Concepción;Hechicera de huesos;Fantasia, Romance, Romantasy, Thriller, LGTBQ+, Distopia, Ciencia Ficción;5 de cada mes;True;True;;OK;Envío por blue
Nehily ;junio;2026.0;+56953983831;Nehily| Ruiz | +569 53983831 | nehilyr@gmail.com | Ñuble | Chillan | camino a las mariposas Km 7 | Local Gresus repara | al lado ferretería Ferrimas ;Donde mora la oscuridad;Romance, Romantasy, Dark romance, Spicy;5 de cada mes;True;True;;OK;Envío por blue
camila flores;junio;2026.0;957727871;Ingeniero Raúl Sáez #1854, la estancia, Valdivia ;Verity;Fantasia, Romance, Romantasy, Thriller, Dark romance, Spicy;5 de cada mes;True;False;;OK;Envío por blue
Francisca Flores;junio;2026.0;+56969188061;Francisca | Flores | +56969188061 | floresrojasfrancisca4@gmail.com | RM | Providencia | Manuel Montt | 1920 | 302 ;Bestiario;thriller y suspenso, misterio, terror y horror, romance y fantasía;5 de cada mes;True;False;;OK;Retiro en Manuel montt
Tamara Aguilera;junio;2026.0;938667566;Tamara| Aguilera| 938667566| taminicoleac@gmail.com | Punto Blue Express Copec Lastarria 11 - Bio bio, Mulchen.;El amor derriba muros;Fantasia, Romance, Romantasy, Dark romance, Spicy;5 de cada mes;True;False;;OK;Envío por blue
Mailyn Bolívar ;junio;2026.0;933213119;Mailyn /Bolivar/933213119/mailyndaylin@gmail.com/ región de atacama/ vallenar/valdivia/751/condominio los olivos/Dpto 205 ddpto 205D/;El amor derriba muros;Fantasia, Romance, Dark romance, Ciencia Ficción;5 de cada mes;True;False;;OK;Envío por blue
Joyce Herrera Stecher;junio;2026.0;940968937;Joyce Herrera Stecher | +56940968937 | herrerastecher@gmail.com | R.Metropolitana | Maipú | Lisperguer | #418 | - | Pasaje Cerrado entre Santa Elena y El Tibet, llamar al llegar;El arte de ser nosotros;Fantasia, Romance, Romantasy, Thriller, Dark romance, Spicy;5 de cada mes;True;True;;OK;Envio por paket
Yoselyn Andrea Duguet Herrera;junio;2026.0;+56963610708;Yoselyn Duguet Herrera/963610708/yoselynduguet19911@gmail.com/La Araucania/Temuco/Pozo blanco/02070/ casa ;Cuando no queden más estrellas que contar;Fantasia, Romance, Spicy;31 de cada mes (o último día del mes);True;False;;OK;Envío por blue
Javiera López ;junio;2026.0;920431950;Retiro;Fragilidad de un corazón bajo la lluvia;Dark romance, Romance;5 de cada mes;True;False;;OK;Retiro en Manuel montt
Paz Castillo ;junio;2026.0;+56963542210;Paz|Castillo|961331308|pcastillohuala.gmail|Metropolitana|Peñalolen|La Fuente|2116;Máscara de gato;Fantasia, Romance, Romantasy, Dark romance, Spicy;5 de cada mes;True;True;;OK;Envio por paket
Macarena Santana Cubillos;junio;2026.0;956249007;Macarena | Santana Cubillos | 956249007 | m.santanacubillos@gmail.com | Antofagasta | Antofagasta | Quillota | 454 | Casa;9 de noviembre;Fantasia, Romance, Romantasy, Clásicos, Dark romance, Spicy, Ciencia Ficción, Autores chilenos;5 de cada mes;True;True;;OK;Envío por blue
Loreto Freire;junio;2026.0;967416556;Loreto|Freire|967416556|lorebustosfreire@gmail.com|metropolitana|La Cisterna|Avenida Goycolea 0122, depto 1515;Donde mora la oscuridad;Romance, **Romantasy, Thriller, Historico, Ciencia Ficción;5 de cada mes;True;True;;OK;Envio por paket
Emma Fernandez;junio;2026.0;963334085;Emma|Fernandez|963334085|emmiliana.6@gmail.com|Maule|Curico| Longitudinal sur km 191| caletera curico| fuente curicana letrero rojo por caletera, costado derecho. ;Fragilidad de un corazón bajo la lluvia;Fantasia, Romance, Romantasy, Thriller, Dark romance, Spicy;5 de cada mes;True;True;;OK;Envío por blue
Ana María Cortés Herrera;junio;2026.0;+56966429200;Ana María Cortés Herrera | 966429200 | cortesherrera.ana@gmail.com | Región Atacama | Copiapó | Pasaje sur uno | 1789 | Población Santa Elvira;Verity;Romance, Thriller, Spicy;5 de cada mes;True;True;;OK;Envío por blue
Sofía Concha Mella;junio;2026.0;939473821;"Sofía Concha; 9 3947 3821; sofi.acm0903@gmail.com; Metropolitana; La Florida; Sta Adela 2451; detras del vivo outlt La Florida.";Una nueva oportunidad;Fantasia, Romance, Romantasy, Clásicos;31 de cada mes (o último día del mes);True;True;;OK;Envio por paket
Pia orellana;junio;2026.0;+56 9 3186 3210;Pia orellana   TELEFONO-+56 9 3186 3210.      CORREO- orellana.pia.castillo@gmail.com.     DOMICILIO- maule, linares miguel grau 384;Donde mora la oscuridad;Fantasia, Romantasy, Poesía, Dark romance, Spicy;31 de cada mes (o último día del mes);True;False;;OK;Envío por blue
Veronica Bustamante;junio;2026.0;966337666;Veronica Bustanante, +56966337666, veronicabustamante44@gmail.com, Santiago, Quilicura, pasaje Cerro la Paloma 286, casa;Fragilidad de un corazón bajo la lluvia;Fantasia, Romance, Romantasy, Poesía, Dark romance, Spicy;31 de cada mes (o último día del mes);True;True;;OK;Envio por paket
María Cristina Olivares González ;junio;2026.0;+56 966128008;María Cristina Olivares González  - +56966128008 - mcristina.olivaresgz@gmail.com - Región de Valparaíso - Quillota - El Cobre 139 - Villa Coopreval ;Una nueva oportunidad;Fantasia, Romance, Romantasy, Thriller, Clásicos, Dark romance, Spicy, Distopia, Ciencia Ficción, Autores chilenos;31 de cada mes (o último día del mes);True;True;;OK;Envio por paket
Cyntia Olate;junio;2026.0;956193036;Cyntia Olate/ 956193036/cyntia.olate3e@gmail.com/ Bio Bio/ Cabrero/ Calle La Alegria 75;Lady Macbeth;Fantasia, Romance, Romantasy, Dark romance, Spicy;5 de cada mes;True;False;;OK;Envío por blue
Natalia Castillo Valenzuela;junio;2026.0;+56986871151;Natalia|Castillo|+56986871151|natti.castillo2001@gmail.com|Libertador Bernardo O'Higgins|Rancagua|San Miguel Arcangel|2010;Verity;Fantasia, Thriller, Poesía, Clásicos, Distopia, Ciencia Ficción, Autores chilenos;5 de cada mes;True;True;;OK;Envio por paket
Lilian Tapia ;junio;2026.0;956335251;Lilian Tapia, +56956335251, tapia.lilian.16@gmail.com - Santiago, Santiago Centro - Manuel Antonio Tocornal 601 depto 2006;Donde mora la oscuridad;Fantasia, Romance, Romantasy, Thriller, Clásicos, Dark romance, Spicy, Distopia, Ciencia Ficción, Autores chilenos;5 de cada mes;True;True;;OK;Envio por paket
Barbara Curin Valenzuela ;junio;2026.0;956033669;Barbara Constanza curin Valenzuela | 956033669 | barbara.curin20@gmail.com| los lagos | Puerto Montt | puerto navarino 1146 brisas del sur ;Nuevo engaño;Fantasia, Romance, Romantasy, Thriller, Dark romance, Spicy;5 de cada mes;True;True;;OK;Envío por blue
Josué Andrés Caro Viña ;junio;2026.0;997042145;Josué Andrés Caro Viña/997042145/josueandrescaro1999@gmail.com/metropolitana/estación central/Blanco garces 50/114D;Una nueva oportunidad;Fantasia, Romance, Romantasy, Spicy, Distopia, Ciencia Ficción;5 de cada mes;True;True;;OK;Retiro en Manuel montt
Katherine Morales González ;junio;2026.0;+56985554064;Katherine Morales/+56985554064/kathymorales.g@gmail.com/Décima Región de Los Lagos/Puerto Montt/calle Isla Caullahuapi N° 254/Población Portal del Sur etapa 1 ;Verity;Fantasia, Romance, Romantasy, Thriller, Dark romance, Spicy, Distopia, Ciencia Ficción;31 de cada mes (o último día del mes);True;True;;OK;Envío por blue
Casandra uribe;junio;2026.0;959200610;Casandra uribe diaz/959200610/k-sandra_9834@hotmail.com/metropolitana/pudahuel/los montes 1237 casa amarilla;La eternidad no es para siempre;Romance, Romantasy, Spicy;31 de cada mes (o último día del mes);True;True;;OK;Envio por paket
Luisa Ortiz;junio;2026.0;966978108;Luisa|Ortiz|966978108|luisaortiz33@gmail.com|Metropolitana|Colina|Panamericana Norte|18.968|Empresa Aza| Oficina logística;La mecánica del amor;Thriller, Romance, Romantasy, Dark Romance, Spicy y novela negra;31 de cada mes (o último día del mes);True;True;;OK;Envio por paket
Fernanda Chavarría;junio;2026.0;+56958378286;Fernanda Chavarria, 958378286, fernandachavarria171@gmail.com , region metropolitana, puente alto, toscanini 01470 depto 28, puente alto;La princesa encantada;Fantasia, Romance, Romantasy, Spicy, Distopia;5 de cada mes;True;True;;OK;Envio por paket
Ana vejar ;junio;2026.0;937738617;Ana / vejar / 937738617/ ayravejar@gmail.com / Bío-Bío / Hualpen/ Burdeos 1972. ;Viajando con Megan;Fantasia, Romance, Romantasy, Clásicos, Dark romance, Spicy;5 de cada mes;True;False;;OK;Envío por blue
Nicolle Gomez Romero;junio;2026.0;995006922;Retiro;Medium;Fantasia, Romance, Romantasy, Thriller, Clásicos, LGTBQ+, Dark romance, Spicy, Distopia, Ciencia Ficción, Autores chilenos;5 de cada mes;True;False;;OK;Retiro en Manuel montt
Magdalena Sofía Isla Fermandois;junio;2026.0;955395576;Retiro ;Bienvenidos a la librería;Fantasia, Romance, Romantasy, Thriller, Dark romance;5 de cada mes;True;False;;OK;Retiro en Manuel montt
Catalina Meliqueo ;junio;2026.0;963535993;Catalina Meliqueo | 9 63535993| cata.meliqueo1311@gmail.com| Metropolitana | Maipu| Lectepu| 2792 | |casa| ;Siembra negra;Fantasia, Romance, Romantasy, Thriller, Dark romance, Spicy;5 de cada mes;True;True;;OK;Envio por paket
Cynthia pino;junio;2026.0;974176859;Cynthia| pino| 974176859|cpino2301@gmail.com|metropolitana|peñaflor|pasaje los litres| 1951|;La bella y la bestia;Fantasia, Romance, Clásicos;31 de cada mes (o último día del mes);True;True;;OK;Envio por paket
Tiare Vergara Flores ;junio;2026.0;+56955685154;Tiare|Vergara|+56955685154|tiarevergara20@gmail.com|Metropolitana|La Florida|Nuevo|1878|entre calles las carmelas con pasaje las mercedes;El amor derriba muros;Fantasia, Romance, Romantasy, Thriller, Dark romance, Ciencia Ficción;31 de cada mes (o último día del mes);True;True;;OK;Envio por paket
Beatriz Fuenzalida;julio;2026.0;991307408;Nombre: Beatriz Fuenzalida/ RUT: 18803298-2/ Dirección: Bernardino 1978, Puerto Montt /Telefono:991307408;Tras la noche;Fantasia, Romantasy, Thriller, Dark romance, Distopia, Autores chilenos;31 de cada mes (o último día del mes);True;False;;;Envío por blue
Jennifer Price;julio;2026.0;972503147;jpricerudd@gmail.com | avenida colin 996 talca punto copec;El lobo y la serpiente;Fantasia, Romance, Romantasy, Thriller, Clásicos, Dark romance, Spicy;5 de cada mes;True;True;;;Envío por blue
Catalina Araneda ;julio;2026.0;945302360;Retiro;Guardianes. Los condenados;Fantasia, Romance, Romantasy, Thriller, Ciencia Ficción;5 de cada mes;True;False;OK;;Retiro en Manuel montt
Kelly Araneda;julio;2026.0;9 9055 9390;Ignacio carrera pinto 650 depto E104, Villa Alemana, Región de Valparaíso;Five Brothers;Dark romance;5 de cada mes;True;True;OK;;Envio por paket
Camila Alarcón Herrera;julio;2026.0;+56987549623;Camila Alarcón | +56987549623 | dnisalarcon.c@gmail.com | Araucanía | Padre Las Casas | Mac Iver 1116;Giulia y la lavanda;Romance, Spicy, Distopia;31 de cada mes (o último día del mes);True;True;OK;;Envío por blue
Muriel arancibia castillo ;julio;2026.0;947454268;RETIRO;Birthday Girl;Fantasia, Romance, Romantasy, Thriller, LGTBQ+, Dark romance, Spicy;31 de cada mes (o último día del mes);True;False;OK;retirado;Retiro en Manuel montt
Ninoska Jaque Tobar;julio;2026.0;990699390;Dirección: José Simón Cañas 4317, Pedro Aguirre Cerda;Giulia y la lavanda;Fantasia, Romance, Romantasy, Dark romance, Spicy;5 de cada mes;True;True;OK;;Envio por paket
Paulina Herrera Jerez ;julio;2026.0;+56 9 3252 6270;Pasaje Mirasol #10130 La Granja, Región Metropolitana;Tras la noche;Fantasia, Romance, Romantasy, Thriller, LGTBQ+, Dark romance, Spicy, Distopia;5 de cada mes;True;True;OK;;Envio por paket
Valentina Suarez Castillo;julio;2026.0;998917524;Nombre: Valentina Suarez Castillo  Dirección: Prolongacion solidaridad 987  Ciudad: Chillan Comuna:Chillan viejo Telefono: 998917524 Email: valentinabeatrizsc99@gmail.com;Birthday Girl;Fantasia, Romance, Romantasy, LGTBQ+, Dark romance, Spicy;31 de cada mes (o último día del mes);True;False;;añadir fuego en el cielo;Envío por blue
Carla Cáceres Reyes ;julio;2026.0;986959442;Av departamental 4570 depto N504 ;Tras la noche;Fantasia, Romance, Romantasy, Thriller, Clásicos, LGTBQ+, Dark romance, Spicy, Distopia, Ciencia Ficción, Autores chilenos;31 de cada mes (o último día del mes);True;True;OK;;Envio por paket
Fernanda aviles;julio;2026.0;56927311185;Fernanda avilés,;Giulia y la lavanda;Fantasia, Romance, Romantasy, Thriller, LGTBQ+, Dark romance, Spicy;31 de cada mes (o último día del mes);True;True;;;Envío por blue
María Fernanda Cornejo ;julio;2026.0;982334306;"María Fernanda Cornejo , teléfono 982334307, correo: Fer.mate22122016@gmail.com, región ; libertador Bernardo ohiggins , comuna: doñihue , dirección avenida Rancagua 198, doñihue ";Giulia y la lavanda;Fantasia, Romance, Romantasy, Dark romance, Spicy;5 de cada mes;True;False;;;Envío por blue
Carmen Gloria Gallardo Mella ;julio;2026.0;944666836;carmengloriagallardo@gmail.com Séptimo de línea 1009, población San Felipe, V región ;Nova;Romance, Dark romance, Spicy;5 de cada mes;True;True;;;Envío por blue
Catalina Pacheco acuña ;julio;2026.0;958163334;Av 5 de Abril 5334 A estación central ;El día que dejó de nevar en Alaska;Fantasia, Romance, Romantasy, Historico, Clásicos, Dark romance, Spicy, Distopia, Ciencia Ficción;5 de cada mes;True;True;OK;;Envio por paket
Daniela Quidel;julio;2026.0;9 9142 5971;PUNTO BLUE Av. Juvencio Ovalle 1564, Nueva Imperial, ARAUCANIA | danielagquidelp@gmail.com;Birthday Girl;Romance, Romantasy, Dark romance, Spicy;31 de cada mes (o último día del mes);True;True;;;Envío por blue
Denisse lizama;julio;2026.0;956076330;8 sur 3315  962808037 ElianaLo Espejo;El misterio de la lavandería;Romance, Romantasy, Dark romance, Spicy;31 de cada mes (o último día del mes);True;True;OK;;Envio por paket
Isidora Reyes;julio;2026.0;933522160;;Boss;Fantasia, Romance, Romantasy, Thriller, LGTBQ+, Dark romance, Spicy, Distopia, Ciencia Ficción;5 de cada mes;True;False;OK;;Retiro en Manuel montt
Javiera Mendoza Cresp ;julio;2026.0;+56964398882;;Birthday Girl;Fantasia, Romance, Romantasy, Thriller, Dark romance, Spicy;5 de cada mes;True;False;OK;;Retiro en Manuel montt
Lissette Toloza Gonzalez ;julio;2026.0;+56991200333;Lizzyausten5@gmail.com|Pasaje 9 casa 355 sexto sector Playa Ancha Valparaiso ;Donde mora la oscuridad;Romance, Thriller, Clásicos, Autores chilenos;31 de cada mes (o último día del mes);True;False;;AÑADIR CLEOPATRA, BATALLA LIBRERIAS, MAGIA PRACTICA, HEARTLESS, EVER AFTER;Envío por blue
Maheva López;julio;2026.0;+569 99059635;RETIRO;La traición de los cisnes;Fantasia, Romantasy, Historico;5 de cada mes;True;False;OK;;Retiro en Manuel montt
Mariana parra;julio;2026.0;963531241;Bacteriológico 10344;La librería de Lady Destino;Fantasia, Historico, LGTBQ+, Distopia;31 de cada mes (o último día del mes);True;False;OK;;Envio por paket
Neldy Montecinos ;julio;2026.0;976459305;puerto montt 18839, maipu;Mentiras a doble filo;Fantasia, Romance, Romantasy, Poesía, Clásicos, LGTBQ+, Spicy, Distopia, Ciencia Ficción, Autores chilenos;31 de cada mes (o último día del mes);False;False;OK;;Envio por paket
Piera Rodriguez ;julio;2026.0;955153445;José Ignacio López 02772, Jardines del sur, Antofagasta;El vals de la bruja;Dark romance, Spicy, Thriller;31 de cada mes (o último día del mes);True;False;;añadir magia practica;Envío por blue
VALESKA RIQUELME ;julio;2026.0;974887191;Pasaje 2 casa 444 Villa Los Lirios Manzanal Rancagua;Guardianes. Los condenados;Romance, Romantasy, Thriller, Dark romance, Spicy;5 de cada mes;True;True;OK;;Envio por paket
CAROLINA BUSTOS;julio;2026.0;974772556;AVDA. LOS LIBERTADORES 7209, DEPTO J237. CERRILLOS;Deseos peligrosos;Romance, Romantasy, Thriller, Dark romance, Spicy, Autores chilenos;5 de cada mes;True;True;OK;añadir alas de hierro;Envio por paket
Patricia Jara Lillo;julio;2026.0;932385263;Conde de manso 1150, dpto G-203, condominio casas patronales, melipilla. ;;Fantasia, Romance, Romantasy, Thriller, LGTBQ+, Dark romance, Spicy, Distopia, Ciencia Ficción;31 de cada mes (o último día del mes);True;False;;añadir libro de club;Envio por paket
Antonia Navarro;julio;2026.0;+56966313168;Antonia|Navarro|+56966313168| antonavarrost@gmail.com| metropolitana| santiago centro| carmen390, depto 1411| edificio carmen boulevard ;Hasta que caiga la luna;Fantasia, Romantasy, Thriller, Dark romance, Spicy, Distopia, Ciencia Ficción, Autores chilenos;5 de cada mes;True;True;OK;;Envio por paket
Soledad Espinoza;julio;2026.0;993391219;sespinozachamorro@gmail.com | Oficina tricolor 232 portada del norte 2 , antofagasta;Guardianes. Los condenados;Fantasia, Romantasy, Thriller, Spicy, Ciencia Ficción, Autores chilenos, (STOP Romance y asiaticos);5 de cada mes;True;True;;;Envío por blue
Catalina Villarroel López ;julio;2026.0;+56976173218;Catalina Paz Villarroel Lopez 20.006.252-3 Los alerces 2660, depto 806 Ñuñoa Santiago +56976173218;El arte de ser nosotros;Fantasia, Romance, Romantasy, Thriller, Spicy, Distopia, Ciencia Ficción;31 de cada mes (o último día del mes);True;True;OK;;Envio por paket
Silvana Núñez ;julio;2026.0;+56984480347;;Giulia y la lavanda;Fantasia, Romance, Romantasy, Thriller, Dark romance;31 de cada mes (o último día del mes);True;False;;SIN CAJA;Retiro en Manuel montt
Kimberly bugueño;julio;2026.0;+56965875600;Conde duque 1618, calama, region de antofagasta;Verity;Fantasia, Romance, Romantasy, Thriller, LGTBQ+, Dark romance, Spicy, Distopia, Ciencia Ficción, Autores chilenos;5 de cada mes;True;False;;;Envío por blue
Kimberly Hellen Bravo Balladares;julio;2026.0;959709589;Población Carlos González Calle Obispo Manuel Larraín #430, Maule | kimyhellen2017@gmail.com;Boss;Romance, Romantasy, Dark romance, Spicy;5 de cada mes;True;False;;;Envío por blue
Maria Paz Ramirez;julio;2026.0;940320437;San miguel 25, sitio 06. Condominio Sta Maria de Liray. Colina (sector liray);ok;Fantasia, Romance, Romantasy, Thriller, Historico, Dark romance, Spicy, Ciencia Ficción, Autores chilenos;5 de cada mes;True;True;OK;;envio por paket
Antonia Pavez;julio;2026.0;953240040;Avenida Miguel letelier parcela 7 ruta G546 pintué Comuna de paine Referencia: almacén la aguilina;Bienvenidos a la librería;Fantasia, Romantasy, LGTBQ+, Spicy, Distopia;5 de cada mes;True;True;OK;añadir cenizas y rey maldito;Envio por paket
Daniela valdevenito;julio;2026.0;9 2627 3492;Badén powell #249 belloto quilpue;;Dark romance, romantasy y thriller psicologico;5 de cada mes;True;True;;;Envío por blue
Macarena Zúñiga ;julio;2026.0;972501592;Macarena Zúñiga ;;Fantasia, Romantasy, Thriller, Historico, LGTBQ+, Dark romance, Spicy, Distopia;5 de cada mes;True;True;;;Envio por paket
Karen Llanten Zuñiga ;julio;2026.0;999169201;Los Perales 213 Quilicura ;Giulia y la lavanda;Fantasia, Romance, Romantasy, Thriller, Historico, Clásicos, LGTBQ+, Dark romance, Spicy, Distopia, Ciencia Ficción, Autores chilenos;5 de cada mes;True;True;OK;;Envio por paket
Karina Castillo ;julio;2026.0;966165886;correo karinaa.castillodiaz@gmail.com Cardenal raul silva henriquez 1251, coquimbo;;Fantasia, Romance, Romantasy, Thriller, Dark romance, Spicy, Distopia, Ciencia Ficción, Autores chilenos;31 de cada mes (o último día del mes);True;True;OK;;Envío por blue
Paula Oviedo Atuntaya;julio;2026.0;+56 9 8437 7267;Punto Blue Express Copec Av. Argentina 1103 antofagasta | pconstanza.oviedo@gmail.com;El faro de los amores dormidos;Romance (sport,historico,found family), Romantasy (ligero), Dark Romance, Spicy, Distopia;5 de cada mes;True;True;;;Envío por blue
Amanda Castillo;julio;2026.0;944499029;Santa Teresa 1874, Huechuraba;El mago de Oz;Fantasia, Romance, Romantasy, Thriller, Clásicos, Dark romance, Spicy, Distopia, Ciencia Ficción. Libros conocidos en tiktok,ig;5 de cada mes;True;False;OK;;Envio por paket
Javiera Navarrete Fuentes;julio;2026.0;+56963730522;javiera navarrete fuentes / 18.574.814-6 / Calle Rosas 210, Constitucion. Región del Maule;Hasta que caiga la luna;Fantasia, Romantasy, Dark romance, Spicy;5 de cada mes;True;False;;;Envío por blue
Annais Sandoval;julio;2026.0;+569 5437 2607;"Av. Walker Martinez 1000, la florida
Dpto 111, torre B";Detonante;Fantasia, Romance, Romantasy, Thriller, Clásicos, Dark romance, Spicy, Distopia, Ciencia Ficción;5 de cada mes;True;True;OK;;Envio por paket
Maria Ampuero Morales ;julio;2026.0;+56 9 3178 1771;Brsilia 1282, villa el sauce, comuna de Padre Hurtado, santiago, región metropolitana ;Siembra negra;Fantasia, Romantasy, Thriller, Clásicos, Dark romance, Spicy, Distopia, Ciencia Ficción, autores chilenos;5 de cada mes;True;True;OK;;Envio por paket
Sheyla Robles Santander;julio;2026.0;930683956;sheyla.robles@gmail.com|El Roble #211, ovalle ;Hasta que caiga la luna;Fantasia, Romance, Romantasy, Dark romance, Spicy;31 de cada mes (o último día del mes);True;True;;;Envío por blue
Kassandra Jerez Montoya ;julio;2026.0;932641811;Plaza las pintoras 895, machalí  | kassandra.jerezm@gmail.com;Birthday Girl;Fantasia, Romance, Romantasy, Dark romance, Spicy;5 de cada mes;True;False;OK;;Envio por paket
Macarena Montoya ;julio;2026.0;983683478;Los carrera 54, esquina esmeralda población nuevo amanecer yumbel 8region chile ;Guardianes. Los condenados;Fantasia, Romance, Romantasy, Clásicos, Dark romance, Spicy;31 de cada mes (o último día del mes);True;True;;;Envío por blue
Anahi Barcena;julio;2026.0;56965385688;Anahi Barcena Saavedra - avenida Circunvalacion 174 Poblacion Alfredo Lorca - Punta Arenas | Anhybarcena@gmail.com ;Giulia y la lavanda;Fantasia, Romance, Clásicos;5 de cada mes;True;True;;;Envío por blue
Nicol Fuentes;julio;2026.0;962070141;;Giulia y la lavanda;Fantasia, Romance, Romantasy, Clásicos, Distopia, Ciencia Ficción, Autores chilenos;31 de cada mes (o último día del mes);True;False;OK;;Retiro en Manuel montt
Rosa Moreno ;julio;2026.0;+56934157330;;Guardianes. Los condenados;Fantasia, Romance, Romantasy, Thriller, Dark romance, Spicy;5 de cada mes;True;False;OK;retirado;Retiro en Manuel montt
Marta Alvarado Ramos;julio;2026.0;946483237;Pedro aguirre cerda 1130, valparaiso;La magia de las casualidades;Romance, Romantasy, Dark romance, Spicy;31 de cada mes (o último día del mes);True;True;OK;enviar dos libros;Envio por paket
Daniela Martínez Colombo;julio;2026.0;981868530;Agua Santa 2554 Independencia, Región Metropolitana;Nova;Romance, Romantasy, Thriller, Historico, Spicy, Autores chilenos;5 de cada mes;True;True;OK;;Envio por paket
Rayen allendes;julio;2026.0;+56931860760;Bombero Hugo Olguín 7315 cerrillos;Boss;Fantasia, Romance, Romantasy, Thriller, Clásicos, LGTBQ+, Dark romance, Spicy, Distopia, Ciencia Ficción, Autores chilenos;5 de cada mes;True;True;OK;;Envio por paket
Constanza Cáceres muñoz;julio;2026.0;965347944;Once de septiembre 127A artificio la Calera ;;Fantasia, Romance, Romantasy, Spicy;31 de cada mes (o último día del mes);True;True;OK;;Envio por paket
Nydia Guerrero;julio;2026.0;961494415;Gran avenida José Miguel Carrera 4310 depto. 1810 San Miguel;El misterio de la lavandería;Fantasia, Romantasy, Thriller, Dark romance, Distopia;31 de cada mes (o último día del mes);True;True;OK;;Envio por paket
VALENTINA HURTADO;julio;2026.0;962327369;Angamos 8379, la cisterna;Guardianes. Los condenados;Romance, Romantasy, Dark romance, Spicy;5 de cada mes;True;True;OK;;Envio por paket
Constanza Henríquez González;julio;2026.0;9 8465 2764;Linares 1249, Cerro Navia. Población Irene Belmar.;Giulia y la lavanda;Fantasia, Romance, Romantasy, Clásicos, LGTBQ+, Dark romance, Spicy, Distopia, Autores chilenos;31 de cada mes (o último día del mes);True;True;OK;;Envio por paket
Constanza espinoza;julio;2026.0;983380238;;Boss;Dark academy, Romantasy, Dark romance, Spicy;5 de cada mes;True;False;OK;añadir el alma del brujo;Retiro en Manuel montt
Javiera Alcántara Díaz;julio;2026.0;962984664;Javi.alcantara01@gmail.com Aytue, Pasaje 1, Sexta Casa a Mano Izquierda, Chimbarongo;Hasta que caiga la luna;Fantasia, Romantasy, Thriller, Historico, Clásicos, Distopia, Autores chilenos;5 de cada mes;True;True;;;Envío por blue
Kerly Padilla;julio;2026.0;920185542;san petersburgo 6351 depto b1210, san miguel;Nightshade;Romance, Romantasy, Poesía, Dark romance, Spicy, Distopia;5 de cada mes;True;True;OK;;Envio por paket
Francisca Reyes Bórquez;julio;2026.0;+569 66540508;Retiro;Bienvenidos a la librería;Fantasia, Romantasy, Thriller, Historico, Clásicos, Dark romance, Spicy, Distopia, Ciencia Ficción, Autores chilenos, (Por ahora no romance);5 de cada mes;True;False;OK;;Retiro en Manuel montt
Pamela Tapia;julio;2026.0;984161448;Victor troncos Muñoz 121 casa 120 Buin ;Verity;Romance, Thriller, Clásicos, Ciencia Ficción;5 de cada mes;True;True;OK;;Envio por paket
Catalina Martínez Alvarez ;julio;2026.0;968994018;Talcan 262, maipu (santiago);Hasta que caiga la luna;Fantasia, Romance, Romantasy, Poesía, Clásicos, Dark romance, Spicy, Distopia;5 de cada mes;True;True;OK;;Envio por paket
Paloma pastenes;julio;2026.0;992457021;Colihue 670, maipú;Boss;Fantasia, Romance, Romantasy, Thriller, Dark romance, Spicy, Ciencia Ficción;5 de cada mes;True;True;OK;;Envio por paket
Camila Osorio;julio;2026.0;+56956031365 ;mi dirección es: Cristobal Colón 3837, Las Condes. Dpto 106 ;El día que dejó de nevar en Alaska;romance;31 de cada mes (o último día del mes);True;False;OK;;Envio por paket
Gabriela Paz Toro Muñoz;julio;2026.0;+56923917111;Pasaje Cosmos 2882, Maipu;La librería de los viernes;Fantasía / Romantasy / Dark Romance / Spicy / Clásicos;5 de cada mes;True;True;OK;;Envio por paket
Scarlet Valencia ;julio;2026.0;956201655;Scarlet Valencia +56956201655 scarletthvalencia00@gmail.con Illapel me acomoda en el punto bluexpress de la calle av Ignacio Silva con Buin ;Giulia y la lavanda;Fantasia, Romance, Romantasy, Thriller, Historico, Dark romance, Distopia, Ciencia Ficción, Autores chilenos;31 de cada mes (o último día del mes);True;True;;;Envío por blue
NATALIA NUNEZ AGUIRRE;julio;2026.0;995705125;SANTA MARIA 204, RANCAGUA;El faro de los amores dormidos;Fantasia, Romance, Romantasy, Clásicos, Dark romance, Spicy, Ciencia Ficción;5 de cada mes;True;True;OK;;Envio por paket
Ana Pereira Rusque;julio;2026.0;968592139;Pasaje 13 #439 nueva peñaflor. Comuna Peñaflor.;Hasta que caiga la luna;Fantasia, Romance, Romantasy, Thriller, LGTBQ+, Dark romance, Spicy;31 de cada mes (o último día del mes);True;True;OK;;Envio por paket
Catalina Pardo Guerra;julio;2026.0;963724136;Britania 1077, Villa Alemana, Valparaíso.;Corrupt;Fantasia, Romantasy, Dark romance, Spicy, Distopia;31 de cada mes (o último día del mes);True;True;OK;añadir un cielo en la tormenta;Envio por paket
Macarena Carrillo Orellana;julio;2026.0;987170884;Los Mercedarios #81. Villa defensa Nacional. Chillan. Ñuble.;Birthday Girl;Romance, Romantasy, Dark romance, Spicy;5 de cada mes;True;False;;;Envío por blue
Tatiana Vejar Diaz;julio;2026.0;9 63306403;tatiana.vejar.diaz@gmail.com|Calle las Dalias 665, Villa el Mirador, Comuna Lautaro, Novena región;Nova;Fantasia, Romance, Romantasy, Dark romance, Spicy;31 de cada mes (o último día del mes);True;True;;Añadir a fin de mes hipotesis y ojala fuera nuestra historia cantos tintados;Envío por blue
Mayra Lopez;julio;2026.0;990648060;Pasaje Eduardo Anguita 1974, Colina, Santiago.;Guardianes. Los condenados;Fantasia, Romantasy, Dark romance, Distopia;5 de cada mes;True;True;OK;;Envio por paket
Susana Abigail Muñoz Vera;julio;2026.0;984544094;CHACABUCO 210, VALDIVIA, Región de Los Ríos. Nombre: Susana Muñoz Vera, 17.742.967-8, 984544094;Mentiras a doble filo;Romance, Romantasy, LGTBQ+, Dark romance, Spicy;31 de cada mes (o último día del mes);True;False;;;Envío por blue
Ingrid Gonzalez Escalona;julio;2026.0;966867335;Ingrid Gonzalez/ 966867335/ ingriid.mabeel@gmail.com / Region del Libertador General Bernardo O'higgins / Coltauco / Avenida Ruben Jorquera/ #40/ Casa/ Villa Casas del campo, Sector San Luis.;;Fantasia, Romance, Romantasy;5 de cada mes;True;False;;;Envío por blue
Arantza Valentina Tobar Trengove;julio;2026.0;+56966260420;retiro;Hundida;Fantasia, Romance, Romantasy, Thriller, Dark romance, Spicy, Distopia;31 de cada mes (o último día del mes);True;False;OK;retirado;Retiro en Manuel montt
camila flores;julio;2026.0;957727871;Ingeniero Raúl Sáez #1854, la estancia, Valdivia ;Hasta que caiga la luna;Fantasia, Romance, Romantasy, Thriller, Dark romance, Spicy;5 de cada mes;True;False;OK;;Envío por blue
Fabian Gonzalez Vasquez;julio;2026.0;+56990872362;Calle 124 casa 1051 Peñalolen;Birthday Girl;Fantasia, Romance, Romantasy, Thriller, LGTBQ+, Dark romance, Spicy, Distopia;31 de cada mes (o último día del mes);True;True;OK;;Envio por paket
Daniela Trespalacios;julio;2026.0;999494393;Pirineos 2115 - Depto 406 Providencia - Santiago;El canto de los ahogados;Fantasia, Romance, Romantasy, Thriller;31 de cada mes (o último día del mes);True;True;OK;;Envio por paket
María José Villablanca ;julio;2026.0;988265229;mariajose.icq@gmail.com|Punto Blue Express Copec Freire Esq. Amunategui collipulli ;Si fuéramos eternos;Fantasia, Romance, Romantasy, Poesía, Clásicos, Distopia;5 de cada mes;True;True;OK;;Envío por blue
Valeria Torres Fuentes;julio;2026.0;+56 9 95797452;El Olmo 5, N° 7651, La Reina;Guardianes. Los condenados;Fantasia, Thriller, Dark romance, Distopia;31 de cada mes (o último día del mes);True;True;OK;;Envio por paket
Constanza Muñoz ;julio;2026.0;977303080;J-415 teno chile. SAN CRISTOBAL SITIO 11 REFERENCIA TENO | Constanzamo39@gmail.com;Verity;Fantasia, Romance, Romantasy, Thriller, Clásicos, Dark romance, Spicy, Ciencia Ficción, Autores chilenos;5 de cada mes;True;True;;;Envío por blue
vanesa maulen zanga;julio;2026.0;930877331;jahzeel jeria samit 936061072 hazheelsamit@gmail.com Punto blueexpres coyhaique.  Baquedano 1578 ENVIO EN CONJUNTO CON VANNESA MAULEN;Guardianes. Los condenados;Fantasia, Romance, Romantasy, Dark romance, Distopia;5 de cada mes;False;False;;son 3 libros;Envío por blue
HAZHEEL JERIA SAMIT ;julio;2026.0;936961072;jahzeel jeria samit 936061072 hazheelsamit@gmail.com Punto blueexpres coyhaique.  Baquedano 1578 ENVIO EN CONJUNTO CON VANNESA MAULEN;Siembra negra, Medium, La hora azul;Thriller;5 de cada mes;False;False;;son 3 libros;Envío por blue
Tamara Aguilera;julio;2026.0;938667566;Tamara| Aguilera| 938667566| taminicoleac@gmail.com | Punto Blue Express Copec Lastarria 11 - Bio bio, Mulchen.;Boss;Fantasia, Romance, Romantasy, Dark romance, Spicy;5 de cada mes;True;True;;;Envío por blue
montserrat soto lecaros ;julio;2026.0;988763405;montserrat belen| soto lecaros| 988763405| montserratsotolecaros@gmail.com| valparaiso| villa alemana| los suspiros | 0605| como referencia casa esquina amarilla ;Boss;Romance, Romantasy, Dark romance, Spicy;31 de cada mes (o último día del mes);True;True;OK;;Envio por paket
Constanza Fabiola Astorga Espinozq ;julio;2026.0;+56945543197;Constanza Astorga | +56945543197 | luvkmddeonu@gmail.com | Metropolitana | Quilicura | Recife #1078;Invocación;Fantasia, Romance, Romantasy, LGTBQ+, Dark romance, Spicy;31 de cada mes (o último día del mes);True;True;OK;;Envio por paket
Yanet Alejandra Orellana Troncoso;julio;2026.0;+56999260201;Yanet Orellana | 999260201 | yanetalejandra898@gmail.com | Valparaíso | San Antonio | Jerusalén 1409 Bellavista brasil | casa esquina segundo piso, frente a feria mayorista ;Nightshade;Fantasia, Romance, Romantasy, Thriller, Dark romance, Spicy, Distopia, Ciencia Ficción;5 de cada mes;True;False;;;Envío por blue
Romina Silva ;julio;2026.0;920309612;Romina| Silva|920309612| romi.silva16@gmail.com|aysén|coyhaique|Obispo vielmo 62;Hasta que caiga la luna;Fantasia, Romance, Thriller;5 de cada mes;True;False;;;Envío por blue
Johanna Mella;julio;2026.0;+569942619419;Johanna/Mella/+56942619419/Johanna.mella2@gmail.com/Metropolitana/Maipú/Leonardo da Vinci #4805/;Dirty Diana;Romance, Dark romance, Spicy;5 de cada mes;True;True;OK;;Envio por paket
Natalia beroiza;julio;2026.0;942105130;Natalia beroiza 942105130 Natalia.beroizac@gmail.com metropolitana san bernardo las águilas 782 entrar por los suspiros ;The Defender;Romantasy, Dark romance, Spicy;31 de cada mes (o último día del mes);True;True;OK;;Envio por paket
Zuleidy Gómez ;julio;2026.0;921661012;Zuleidy|Gomez|921661012|zuleidylis@gmail.com|embalse la palma 5907|peñalolen|casa esquina;Hasta que caiga la luna;Fantasia, Romance, Romantasy, Dark romance, Spicy, Thriller psicológico, NO literatura asiática;5 de cada mes;True;True;OK;;Envio por paket
Loreto Acevedo Vega;julio;2026.0;+56976188512;Loreto|Acevedo|976188512|loretoacevedo66@gmail.com|Metropolitana|Macul|Santa Cristina|3180|depto 801|;El día que dejó de nevar en Alaska;Fantasia, Romance, Romantasy, Dark romance, Spicy;31 de cada mes (o último día del mes);True;False;OK;;Retiro en Manuel montt
Francisca Nuñez;julio;2026.0;+56957206850;Francisca|Núñez|957206850|fnunezr25@gmailcom|Valparaíso|Quilpué|Lago Budi|3072 casa esquina con reja de madera;Boss;Fantasia, Romance, Romantasy, Thriller, Dark romance, Spicy;31 de cada mes (o último día del mes);True;True;OK;la casa de los aleteos;Envio por paket
Deniska Prada ;julio;2026.0;983588097;Deniska Prada 983588097 pradapdeniska@gmail.com región de Antofagasta comuna calama pasaje Núñez 214, casa e10 condominio valle del inca, por la calle ciega ;El lobo y la serpiente;Fantasia, Romance, Romantasy, LGTBQ+, Dark romance, Spicy, Ciencia Ficción;31 de cada mes (o último día del mes);True;False;OK;;Envío por blue
Catherin Díaz;julio;2026.0;984888334;Catherin Díaz 984888334 ktty.82@hotmail.com metropolitana Peñaflor Tres Norte 2539 casa ;El misterio de la lavandería;Fantasia, Romance, Romantasy, Thriller, Historico, Clásicos, Dark romance, Spicy, Distopia, Ciencia Ficción, Autores chilenos;31 de cada mes (o último día del mes);True;True;OK;añadir casa en el mar;Envio por paket
Kimberly Rodríguez ;julio;2026.0;974599887;Retiro ;Giulia y la lavanda;Romance, Historico, Dark romance, Spicy;5 de cada mes;True;False;OK;;Retiro en Manuel montt
Stephanie Hernández Ospina ;julio;2026.0;990758433;Stephanie Hernández Ospina /9 90758433 /shernandez.soluciones@gmail.com/ belisario prats1460 depto.1102A/comjna independencia ;OK;Fantasia, Romance, Romantasy, Thriller, Clásicos, Dark romance, Spicy, Distopia, Ciencia Ficción, Autores chilenos;31 de cada mes (o último día del mes);True;True;OK;;Retiro en Manuel montt
Claudia islas;julio;2026.0;964834242;Retiro;Si fuéramos eternos;Romance, Romantasy, Dark romance, Spicy;5 de cada mes;True;False;OK;;Retiro en Manuel montt
Millaray Valenzuela Carrasco ;julio;2026.0;962891106;Millaray Valenzuela +569 62891106 Millarayv840@gmail.com Camino a roa sn puente 7 interior 1200, Minimarket santa carolina, Florida, Concepción, Chile Región Bio Bio;Nova;Romance, Spicy;31 de cada mes (o último día del mes);True;False;;;Envío por blue
Romina Osses aravena;julio;2026.0;+56933761880;Romina Osses / 933761880 / Rominaosses06@gmail.com / región metropolitana/ puente alto/lago verdot 727/ entre avenida Chiloé y calle merlot;Birthday Girl;Fantasia, Romance, Poesía, Dark romance, Spicy;5 de cada mes;True;True;OK;;Envio por paket
Carolina Ledezma García ;julio;2026.0;964653935;Carolina Ledezma García | 964653935| Carolina.ivon1234@gmail.com|región de Coquimbo| comuna de Coquimbo| pasaje Octavio Paz 1381| Tierras Blancas ;Hasta que caiga la luna;Fantasia, Romance, Romantasy, Thriller, Historico, Poesía, Clásicos, LGTBQ+, Dark romance, Spicy, Distopia, Ciencia Ficción, Autores chilenos;31 de cada mes (o último día del mes);True;False;;;Envío por blue
Karla Vicencio Vargas;julio;2026.0;+56948963291;Karla | Vicencio | +56948963291 | karla.vicencio28@gmail.com | Región Metropolitana | La Granja | Avenida Coronel | 7883 | Local “Yakamoz” .;Guardianes. Los condenados;Fantasia, Poesía, Clásicos, Distopia, Ciencia Ficción, Autores chilenos;31 de cada mes (o último día del mes);True;True;OK;;Envio por paket
Josefina Salgado;julio;2026.0;930271505;"Josefina Salgado +56930271505 salgado.josefina1204@gmail.com Vicuña Mackenna 3, Depto 1403; providencia";Birthday Girl;Fantasia, Romantasy, Dark romance;31 de cada mes (o último día del mes);True;True;OK;;Envio por paket
Samara Neva;julio;2026.0;+56978857182;Vanessa|Muñoz|+56978857182|samara.neva@gmail.com|Región del Bío bio|Concepción|Obispo Hipólito Salas 36, depto 906. Concepción;Asesina de dioses;Fantasia, Romance, Romantasy, Thriller, LGTBQ+, Distopia, Ciencia Ficción;5 de cada mes;True;True;;Kiss me once, alquimia de los secreos, hija de ningun mundo;Envío por blue
Carla Castro;julio;2026.0;926235854;Misael Escuti 1454, puerto Montt;;Fantasia, Romantasy, Thriller, Dark romance, Spicy;5 de cada mes;True;False;;;Envío por blue
Nehily ;julio;2026.0;+56953983831;Nehily| Ruiz | +569 53983831 | nehilyr@gmail.com | Ñuble | Chillan | camino a las mariposas Km 7 | Local Gresus repara | al lado ferretería Ferrimas ;Viajando con Megan;Romance, Romantasy, Dark romance, Spicy;5 de cada mes;True;True;;;Envío por blue
Francisca Flores;julio;2026.0;+56969188061;Francisca | Flores | +56969188061 | floresrojasfrancisca4@gmail.com | RM | Providencia | Manuel Montt | 1920 | 302 ;Siembra negra;thriller y suspenso, misterio, terror y horror, romance y fantasía;5 de cada mes;True;False;OK;;Retiro en Manuel montt
Mailyn Bolívar ;julio;2026.0;933213119;Mailyn /Bolivar/933213119/mailyndaylin@gmail.com/ región de atacama/ vallenar/valdivia/751/condominio los olivos/Dpto 205 ddpto 205D/;Bienvenidos a la librería;Fantasia, Romance, Dark romance, Ciencia Ficción;5 de cada mes;True;False;;;Envío por blue
Joyce Herrera Stecher;julio;2026.0;940968937;Joyce Herrera Stecher | +56940968937 | herrerastecher@gmail.com | R.Metropolitana | Maipú | Lisperguer | #418 | - | Pasaje Cerrado entre Santa Elena y El Tibet, llamar al llegar;Tras la noche;Fantasia, Romance, Romantasy, Thriller, Dark romance, Spicy;5 de cada mes;True;True;OK;;Envio por paket
Yoselyn Andrea Duguet Herrera;julio;2026.0;+56963610708;Yoselyn Duguet Herrera/963610708/yoselynduguet19911@gmail.com/La Araucania/Temuco/Pozo blanco/02070/ casa ;Querido vecino;Fantasia, Romance, Spicy;31 de cada mes (o último día del mes);True;False;;enviar 2 libros (romance, spicy) + donde habitan las sirenas;Envío por blue
Javiera López ;julio;2026.0;920431950;Retiro;;Dark romance, Romance;5 de cada mes;True;False;OK;;Retiro en Manuel montt
Loreto Freire;julio;2026.0;967416556;Loreto|Freire|967416556|lorebustosfreire@gmail.com|metropolitana|La Cisterna|Avenida Goycolea 0122, depto 1515;Hasta que caiga la luna;Romance, **Romantasy, Thriller, Historico, Ciencia Ficción;5 de cada mes;True;True;OK;;Envio por paket
Emma Fernandez;julio;2026.0;963334085;Emma|Fernandez|963334085|emmiliana.6@gmail.com|Maule|Curico| Longitudinal sur km 191| caletera curico| fuente curicana letrero rojo por caletera, costado derecho. ;Si fuéramos eternos;Fantasia, Romance, Romantasy, Thriller, Dark romance, Spicy;5 de cada mes;True;True;;;Envío por blue
Ana María Cortés Herrera;julio;2026.0;+56966429200;Ana María Cortés Herrera | 966429200 | cortesherrera.ana@gmail.com | Región Atacama | Copiapó | Pasaje sur uno | 1789 | Población Santa Elvira;El arte de ser nosotros;Romance, Thriller, Spicy;5 de cada mes;True;True;;;Envío por blue
Sofía Concha Mella;julio;2026.0;939473821;"Sofía Concha; 9 3947 3821; sofi.acm0903@gmail.com; Metropolitana; La Florida; Sta Adela 2451; detras del vivo outlt La Florida.";Guardianes. Los condenados;Fantasia, Romance, Romantasy, Clásicos;31 de cada mes (o último día del mes);True;False;OK;;Envio por paket
Pia orellana;julio;2026.0;+56 9 3186 3210;Pia orellana   TELEFONO-+56 9 3186 3210.      CORREO- orellana.pia.castillo@gmail.com.     DOMICILIO- maule, linares miguel grau 384;Guardianes. Los condenados;Fantasia, Romantasy, Poesía, Dark romance, Spicy;31 de cada mes (o último día del mes);True;False;;;Envío por blue
María Cristina Olivares González ;julio;2026.0;+56 966128008;María Cristina Olivares González  - +56966128008 - mcristina.olivaresgz@gmail.com - Región de Valparaíso - Quillota - El Cobre 139 - Villa Coopreval ;El día que dejó de nevar en Alaska;Fantasia, Romance, Romantasy, Thriller, Clásicos, Dark romance, Spicy, Distopia, Ciencia Ficción, Autores chilenos;31 de cada mes (o último día del mes);True;True;OK;;Envio por paket
Cyntia Olate;julio;2026.0;956193036;Cyntia Olate/ 956193036/cyntia.olate3e@gmail.com/ Bio Bio/ Cabrero/ Calle La Alegria 75;Bienvenidos a la librería;Fantasia, Romance, Romantasy, Dark romance, Spicy;5 de cada mes;True;False;;;Envío por blue
Natalia Castillo Valenzuela;julio;2026.0;+56986871151;Natalia|Castillo|+56986871151|natti.castillo2001@gmail.com|Libertador Bernardo O'Higgins|Rancagua|San Miguel Arcangel|2010;Guardianes. Los condenados;Fantasia, Thriller, Poesía, Clásicos, Distopia, Ciencia Ficción, Autores chilenos;5 de cada mes;True;True;OK;;Envio por paket
Luisa Ortiz;julio;2026.0;966978108;Luisa|Ortiz|966978108|luisaortiz33@gmail.com|Metropolitana|Colina|Panamericana Norte|18.968|Empresa Aza| Oficina logística;Layla;Thriller, Romance, Romantasy, Dark Romance, Spicy y novela negra;31 de cada mes (o último día del mes);True;True;OK;;Envio por paket
Ana vejar ;julio;2026.0;937738617;Ana / vejar / 937738617/ ayravejar@gmail.com / Bío-Bío / Hualpen/ Burdeos 1972. ;Hasta que nos quedemos sin estrellas;Fantasia, Romance, Romantasy, Clásicos, Dark romance, Spicy;5 de cada mes;True;False;;;Envío por blue
Nicolle Gomez Romero;julio;2026.0;995006922;Retiro;Bienvenidos a la librería;Fantasia, Romance, Romantasy, Thriller, Clásicos, LGTBQ+, Dark romance, Spicy, Distopia, Ciencia Ficción, Autores chilenos;5 de cada mes;True;False;OK;;Retiro en Manuel montt
Magdalena Sofía Isla Fermandois;julio;2026.0;955395576;Retiro ;El día que dejó de nevar en Alaska;Fantasia, Romance, Romantasy, Thriller, Dark romance;5 de cada mes;True;False;OK;retirado;Retiro en Manuel montt
Jocelyn Robledo Rodriguez;julio;2026.0;+56964825883;Jocelyn| Robledo|+56964825883| josyrobledo1997@gmail.com| Atacama| Copiapó| Avenida Volcan Doña Ines| 905| Depto 307A| ;Dirty Diana;Romance, Romantasy, Dark romance, Spicy;31 de cada mes (o último día del mes);True;False;;;Envío por blue
Nicole Laferte;julio;2026.0;978396092;Nicole|Laferte|978396092|nicolelaferte@gmail.com|Valparaiso|Valparaiso|Lomasdelaluz|1006|3401|TorreM1;El arte de ser nosotros;Fantasia, Romance, Thriller, Dark romance, Spicy, Autores chilenos;5 de cada mes;True;False;OK;;Envio por paket
Cynthia pino;julio;2026.0;974176859;Cynthia| pino| 974176859|cpino2301@gmail.com|metropolitana|peñaflor|pasaje los litres| 1951|;El misterio de la lavandería;Fantasia, Romance, Clásicos;31 de cada mes (o último día del mes);True;False;OK;;Envio por paket
Tiare Vergara Flores ;julio;2026.0;+56955685154;Tiare|Vergara|+56955685154|tiarevergara20@gmail.com|Metropolitana|La Florida|Nuevo|1878|entre calles las carmelas con pasaje las mercedes;Giulia y la lavanda;Fantasia, Romance, Romantasy, Thriller, Dark romance, Ciencia Ficción;31 de cada mes (o último día del mes);True;False;OK;;Envio por paket
Vianney lastra;julio;2026.0;982538178;982538178 | German riesco 467 , chanco  región del maule;Guardianes. Los condenados;Fantasia, Romance, Romantasy, Historico, LGTBQ+, Dark romance, Spicy, Distopia, Ciencia Ficción;5 de cada mes;True;False;;;Envío por blue
Paz Castillo ;julio;2026.0;+56963542210;Paz|Castillo|961331308|pcastillohuala.gmail|Metropolitana|Peñalolen|La Fuente|2116;Hasta que caiga la luna;Fantasia, Romance, Romantasy, Dark romance, Spicy;5 de cada mes;True;True;OK;;Envio por paket
Ivana Cortez Donoso;julio;2026.0;961291164;Ivana Cortez Donoso / 961291164 / icortezdonoso@gmail.com / zavattaro 61 porvenir, magallanes;Giulia y la lavanda;Fantasia, Romance, Romantasy, Thriller, Clásicos, Dark romance, Spicy, Distopia, Ciencia Ficción, Autores chilenos;31 de cada mes (o último día del mes);True;False;;;Envio por blue
Consuelo Cisternas ;julio;2026.0;+56930101813;Consuelo Cisternas +56930101813 cisternas.consuelo98@gmail.com / Cerro San Cristóbal 1193, Depto B31 Comuna Pudahuel ;Tras la noche;Fantasia, Romance, Romantasy, Thriller, Dark romance;31 de cada mes (o último día del mes);True;True;OK;;Envio por paket
Karla Jaramillo Sayes;julio;2026.0;56930950996;Retiro;Hasta que caiga la luna;Fantasia, Romance, Romantasy, Historico, Dark romance, Spicy, Distopia, Ciencia Ficción;5 de cada mes;True;False;OK;;Retiro en Manuel montt
Eileen carreño bobadilla;julio;2026.0;+56931024142;Retiro;Nightshade;Romance, Romantasy, Dark romance, Spicy;5 de cada mes;True;False;OK;retirado;Retiro en Manuel montt
Nicolle Pedroza;julio;2026.0;933773010;Nicolle|Pedroza|933773010|alannap0704@gmail.com|Metropolitana|Renca|Tara|5131|Casa|robleconespino;El día que dejó de nevar en Alaska;Fantasia, Romance, Romantasy, LGTBQ+, Dark romance, Spicy;31 de cada mes (o último día del mes);True;True;OK;;Envio por paket
Paloma Armijo Cavieres;julio;2026.0;56990574806;Paloma /Armijo Cavieres/56990574806/paloma.armijo.cavieres@gmail.com/Santiago/Macul/La Hondonada /3575/ casa/ casa roja frente un posto o frente una casa de dos pisos;Tras la noche;Fantasia, Romance, Romantasy, Thriller, LGTBQ+, Dark romance, Spicy, Distopia, Autores chilenos;31 de cada mes (o último día del mes);True;True;OK;;Envio por paket
Lorena Vásquez ;julio;2026.0;977083116;Lorena Vásquez palma 977083116 Lorena.vasquez.palma@gmail.com quinta región la calera calle carrera 1870 condominio don Martín 2 torre d 204 ;El retorno de Rachel Price;Thriller, Distopia;31 de cada mes (o último día del mes);True;False;;;Envío por blue
Nathalia Muñoz Rojas;julio;2026.0;+56965377524;Retiro;Asesina de dioses;Fantasia, Romance, Romantasy, Thriller, Clásicos, LGTBQ+, Dark romance, Distopia, Ciencia Ficción, Autores chilenos;31 de cada mes (o último día del mes);True;False;OK;retirado;Retiro en Manuel montt
Michelle Vera;julio;2026.0;+56936130344;Michelle Vera +56936130344 veramichelle61@gmail.com Region Metropolitana Comuna de Talagante Pasaje Belloto #2602 Casa Referencia al lado de la casa esquina que esta frente del potrero;Birthday Girl;Fantasia, Romance, Romantasy, Thriller, Dark romance, Spicy, Distopia, Ciencia Ficción;31 de cada mes (o último día del mes);True;True;OK;;Envio por paket
